snapshot_date,product_id,product_name,category,supplier,opening_stock,receipts,units_sold,shrinkage,closing_stock,reorder_point,days_of_cover,stock_status
2025-01-31,SKU-1001,Bluetooth Speaker,Electronics,Nova Supply Co.,61,15,2,1,73,21,730.0,Healthy
2025-01-31,SKU-1002,Bluetooth Speaker,Electronics,Nova Supply Co.,55,19,14,0,60,24,128.6,Healthy
2025-01-31,SKU-1003,Bluetooth Speaker,Electronics,Brightline Wholesale,56,16,1,1,70,23,700.0,Healthy
2025-01-31,SKU-1004,Wireless Earbuds,Electronics,Aster Distribution,46,16,6,0,56,16,280.0,Healthy
2025-01-31,SKU-1005,Wireless Earbuds,Electronics,Aster Distribution,47,30,13,1,63,24,145.4,Healthy
2025-01-31,SKU-1006,Wireless Earbuds,Electronics,Aster Distribution,139,19,2,0,156,32,1560.0,Overstock
2025-01-31,SKU-1007,Power Bank,Electronics,Nova Supply Co.,18,40,11,0,47,15,128.2,Healthy
2025-01-31,SKU-1008,Power Bank,Electronics,Peak Imports,85,3,6,1,81,22,405.0,Healthy
2025-01-31,SKU-1009,Power Bank,Electronics,Nova Supply Co.,89,7,6,0,2,20,10.0,Low Stock
2025-01-31,SKU-1010,USB-C Hub,Electronics,Peak Imports,111,15,12,0,114,29,285.0,Healthy
2025-01-31,SKU-1011,USB-C Hub,Electronics,Urban Source Ltd.,37,7,8,1,35,21,131.2,Healthy
2025-01-31,SKU-1012,USB-C Hub,Electronics,Nova Supply Co.,88,24,14,0,133,30,285.0,Overstock
2025-01-31,SKU-1013,Mechanical Keyboard,Electronics,Nova Supply Co.,30,1,0,0,70,19,700.0,Healthy
2025-01-31,SKU-1014,Mechanical Keyboard,Electronics,Nova Supply Co.,55,26,5,1,75,15,450.0,Overstock
2025-01-31,SKU-1015,Mechanical Keyboard,Electronics,Aster Distribution,131,16,6,3,138,29,690.0,Overstock
2025-01-31,SKU-1016,Air Fryer,Home & Kitchen,Aster Distribution,156,7,2,4,157,32,1570.0,Overstock
2025-01-31,SKU-1017,Air Fryer,Home & Kitchen,Peak Imports,132,3,1,3,131,31,1310.0,Overstock
2025-01-31,SKU-1018,Air Fryer,Home & Kitchen,Peak Imports,47,27,5,1,68,29,408.0,Healthy
2025-01-31,SKU-1019,Electric Kettle,Home & Kitchen,Nova Supply Co.,32,24,8,1,47,24,176.2,Healthy
2025-01-31,SKU-1020,Electric Kettle,Home & Kitchen,Peak Imports,29,2,0,0,31,17,310.0,Healthy
2025-01-31,SKU-1021,Electric Kettle,Home & Kitchen,Aster Distribution,152,23,7,3,165,31,707.1,Overstock
2025-01-31,SKU-1022,Blender,Home & Kitchen,Peak Imports,49,1,2,0,48,25,480.0,Healthy
2025-01-31,SKU-1023,Blender,Home & Kitchen,Urban Source Ltd.,108,17,1,1,123,25,1230.0,Overstock
2025-01-31,SKU-1024,Blender,Home & Kitchen,Aster Distribution,80,25,6,0,93,18,465.0,Overstock
2025-01-31,SKU-1025,Desk Lamp,Home & Kitchen,Urban Source Ltd.,124,25,14,0,135,30,289.3,Overstock
2025-01-31,SKU-1026,Desk Lamp,Home & Kitchen,Peak Imports,60,17,12,0,65,21,162.5,Healthy
2025-01-31,SKU-1027,Desk Lamp,Home & Kitchen,Brightline Wholesale,169,4,0,0,173,34,1730.0,Overstock
2025-01-31,SKU-1028,Storage Box,Home & Kitchen,Nova Supply Co.,51,30,8,1,1,19,3.8,Low Stock
2025-01-31,SKU-1029,Storage Box,Home & Kitchen,Aster Distribution,94,22,2,0,114,29,1140.0,Healthy
2025-01-31,SKU-1030,Storage Box,Home & Kitchen,Urban Source Ltd.,33,17,6,1,43,32,215.0,Healthy
2025-01-31,SKU-1031,Notebook,Office,Brightline Wholesale,75,24,8,1,90,23,337.5,Healthy
2025-01-31,SKU-1032,Notebook,Office,Brightline Wholesale,44,2,2,0,44,27,440.0,Healthy
2025-01-31,SKU-1033,Gel Pen Set,Office,Aster Distribution,51,30,11,0,70,19,190.9,Healthy
2025-01-31,SKU-1034,Gel Pen Set,Office,Aster Distribution,76,23,5,0,2,23,12.0,Low Stock
2025-01-31,SKU-1035,Monitor Stand,Office,Brightline Wholesale,54,26,20,1,59,18,88.5,Healthy
2025-01-31,SKU-1036,Monitor Stand,Office,Nova Supply Co.,115,23,12,1,125,28,312.5,Overstock
2025-01-31,SKU-1037,Desk Organizer,Office,Nova Supply Co.,27,34,9,1,51,14,170.0,Healthy
2025-01-31,SKU-1038,Desk Organizer,Office,Urban Source Ltd.,93,8,4,2,8,30,60.0,Low Stock
2025-01-31,SKU-1039,Office Chair,Office,Nova Supply Co.,57,12,0,0,69,12,690.0,Overstock
2025-01-31,SKU-1040,Office Chair,Office,Brightline Wholesale,75,6,5,0,76,19,456.0,Healthy
2025-01-31,SKU-1041,Face Cleanser,Beauty,Brightline Wholesale,62,7,5,0,64,26,384.0,Healthy
2025-01-31,SKU-1042,Face Cleanser,Beauty,Peak Imports,73,0,5,1,67,16,402.0,Overstock
2025-01-31,SKU-1043,Sunscreen,Beauty,Brightline Wholesale,51,19,5,0,65,27,390.0,Healthy
2025-01-31,SKU-1044,Sunscreen,Beauty,Nova Supply Co.,51,11,7,0,55,18,235.7,Healthy
2025-01-31,SKU-1045,Moisturizer,Beauty,Urban Source Ltd.,48,17,1,0,64,26,640.0,Healthy
2025-01-31,SKU-1046,Moisturizer,Beauty,Peak Imports,101,1,2,1,99,21,990.0,Overstock
2025-01-31,SKU-1047,Hair Dryer,Beauty,Nova Supply Co.,29,12,1,1,39,18,390.0,Healthy
2025-01-31,SKU-1048,Hair Dryer,Beauty,Urban Source Ltd.,29,0,0,0,29,15,290.0,Healthy
2025-01-31,SKU-1049,Makeup Brush Set,Beauty,Nova Supply Co.,157,10,1,2,164,33,1640.0,Overstock
2025-01-31,SKU-1050,Makeup Brush Set,Beauty,Peak Imports,35,4,2,1,1,18,10.0,Low Stock
2025-01-31,SKU-1051,Yoga Mat,Sports,Brightline Wholesale,118,14,1,0,117,24,1170.0,Overstock
2025-01-31,SKU-1052,Yoga Mat,Sports,Peak Imports,81,2,2,0,176,27,1760.0,Overstock
2025-01-31,SKU-1053,Yoga Mat,Sports,Brightline Wholesale,30,48,19,1,58,28,91.6,Healthy
2025-01-31,SKU-1054,Resistance Bands,Sports,Peak Imports,101,19,2,0,118,26,1180.0,Overstock
2025-01-31,SKU-1055,Resistance Bands,Sports,Aster Distribution,21,7,0,1,27,15,270.0,Healthy
2025-01-31,SKU-1056,Resistance Bands,Sports,Nova Supply Co.,107,45,14,1,137,22,293.6,Overstock
2025-01-31,SKU-1057,Water Bottle,Sports,Nova Supply Co.,122,25,18,1,128,26,213.3,Overstock
2025-01-31,SKU-1058,Water Bottle,Sports,Aster Distribution,84,3,0,0,87,34,870.0,Healthy
2025-01-31,SKU-1059,Water Bottle,Sports,Brightline Wholesale,36,4,8,0,32,18,120.0,Healthy
2025-01-31,SKU-1060,Running Belt,Sports,Nova Supply Co.,41,7,1,0,47,14,470.0,Healthy
2025-01-31,SKU-1061,Running Belt,Sports,Aster Distribution,24,35,18,0,0,14,0.0,Stockout
2025-01-31,SKU-1062,Running Belt,Sports,Nova Supply Co.,81,13,1,0,5,19,50.0,Low Stock
2025-01-31,SKU-1063,Dumbbell Set,Sports,Urban Source Ltd.,43,2,1,0,44,28,440.0,Healthy
2025-01-31,SKU-1064,Dumbbell Set,Sports,Brightline Wholesale,119,19,5,3,130,33,780.0,Healthy
2025-01-31,SKU-1065,Dumbbell Set,Sports,Urban Source Ltd.,49,7,1,1,54,32,540.0,Healthy
2025-02-28,SKU-1001,Bluetooth Speaker,Electronics,Nova Supply Co.,48,2,5,0,45,21,270.0,Healthy
2025-02-28,SKU-1002,Bluetooth Speaker,Electronics,Nova Supply Co.,29,15,19,1,24,24,37.9,Healthy
2025-02-28,SKU-1003,Bluetooth Speaker,Electronics,Brightline Wholesale,55,11,6,2,91,23,455.0,Healthy
2025-02-28,SKU-1004,Wireless Earbuds,Electronics,Aster Distribution,73,3,2,0,74,16,740.0,Overstock
2025-02-28,SKU-1005,Wireless Earbuds,Electronics,Aster Distribution,52,14,5,0,61,24,366.0,Healthy
2025-02-28,SKU-1006,Wireless Earbuds,Electronics,Aster Distribution,77,12,3,2,84,32,840.0,Healthy
2025-02-28,SKU-1007,Power Bank,Electronics,Nova Supply Co.,39,9,1,1,46,15,460.0,Healthy
2025-02-28,SKU-1008,Power Bank,Electronics,Peak Imports,103,31,6,0,128,22,640.0,Overstock
2025-02-28,SKU-1009,Power Bank,Electronics,Nova Supply Co.,26,26,9,0,43,20,143.3,Healthy
2025-02-28,SKU-1010,USB-C Hub,Electronics,Peak Imports,47,25,16,0,56,29,105.0,Healthy
2025-02-28,SKU-1011,USB-C Hub,Electronics,Urban Source Ltd.,40,26,9,0,57,21,190.0,Healthy
2025-02-28,SKU-1012,USB-C Hub,Electronics,Nova Supply Co.,81,11,8,1,83,30,311.2,Healthy
2025-02-28,SKU-1013,Mechanical Keyboard,Electronics,Nova Supply Co.,52,2,0,0,54,19,540.0,Healthy
2025-02-28,SKU-1014,Mechanical Keyboard,Electronics,Nova Supply Co.,72,39,12,2,97,15,242.5,Overstock
2025-02-28,SKU-1015,Mechanical Keyboard,Electronics,Aster Distribution,118,1,1,0,118,29,1180.0,Overstock
2025-02-28,SKU-1016,Air Fryer,Home & Kitchen,Aster Distribution,107,17,4,1,119,32,892.5,Healthy
2025-02-28,SKU-1017,Air Fryer,Home & Kitchen,Peak Imports,59,10,3,0,66,31,660.0,Healthy
2025-02-28,SKU-1018,Air Fryer,Home & Kitchen,Peak Imports,93,28,8,1,112,29,420.0,Healthy
2025-02-28,SKU-1019,Electric Kettle,Home & Kitchen,Nova Supply Co.,91,41,11,1,120,24,327.3,Overstock
2025-02-28,SKU-1020,Electric Kettle,Home & Kitchen,Peak Imports,63,4,2,0,54,17,540.0,Healthy
2025-02-28,SKU-1021,Electric Kettle,Home & Kitchen,Aster Distribution,76,32,8,1,99,31,371.2,Healthy
2025-02-28,SKU-1022,Blender,Home & Kitchen,Peak Imports,97,27,7,1,116,25,497.1,Overstock
2025-02-28,SKU-1023,Blender,Home & Kitchen,Urban Source Ltd.,60,0,5,0,55,25,330.0,Healthy
2025-02-28,SKU-1024,Blender,Home & Kitchen,Aster Distribution,64,27,8,0,83,18,311.2,Overstock
2025-02-28,SKU-1025,Desk Lamp,Home & Kitchen,Urban Source Ltd.,56,1,3,1,110,30,1100.0,Healthy
2025-02-28,SKU-1026,Desk Lamp,Home & Kitchen,Peak Imports,38,5,6,1,36,21,180.0,Healthy
2025-02-28,SKU-1027,Desk Lamp,Home & Kitchen,Brightline Wholesale,48,16,5,0,59,34,354.0,Healthy
2025-02-28,SKU-1028,Storage Box,Home & Kitchen,Nova Supply Co.,40,15,2,0,53,19,530.0,Healthy
2025-02-28,SKU-1029,Storage Box,Home & Kitchen,Aster Distribution,29,20,3,0,0,29,0.0,Stockout
2025-02-28,SKU-1030,Storage Box,Home & Kitchen,Urban Source Ltd.,115,9,3,2,119,32,1190.0,Healthy
2025-02-28,SKU-1031,Notebook,Office,Brightline Wholesale,80,6,4,1,4,23,30.0,Low Stock
2025-02-28,SKU-1032,Notebook,Office,Brightline Wholesale,87,31,7,1,110,27,471.4,Overstock
2025-02-28,SKU-1033,Gel Pen Set,Office,Aster Distribution,37,12,1,0,48,19,480.0,Healthy
2025-02-28,SKU-1034,Gel Pen Set,Office,Aster Distribution,36,25,4,0,57,23,427.5,Healthy
2025-02-28,SKU-1035,Monitor Stand,Office,Brightline Wholesale,61,12,14,0,59,18,126.4,Healthy
2025-02-28,SKU-1036,Monitor Stand,Office,Nova Supply Co.,51,22,17,0,117,28,206.5,Overstock
2025-02-28,SKU-1037,Desk Organizer,Office,Nova Supply Co.,49,8,0,0,57,14,570.0,Overstock
2025-02-28,SKU-1038,Desk Organizer,Office,Urban Source Ltd.,89,11,8,1,91,30,341.2,Healthy
2025-02-28,SKU-1039,Office Chair,Office,Nova Supply Co.,32,13,0,1,44,12,440.0,Healthy
2025-02-28,SKU-1040,Office Chair,Office,Brightline Wholesale,24,5,1,0,93,19,930.0,Overstock
2025-02-28,SKU-1041,Face Cleanser,Beauty,Brightline Wholesale,68,9,2,0,75,26,750.0,Healthy
2025-02-28,SKU-1042,Face Cleanser,Beauty,Peak Imports,16,6,2,0,20,16,200.0,Healthy
2025-02-28,SKU-1043,Sunscreen,Beauty,Brightline Wholesale,111,5,2,1,113,27,1130.0,Overstock
2025-02-28,SKU-1044,Sunscreen,Beauty,Nova Supply Co.,72,7,1,0,78,18,780.0,Overstock
2025-02-28,SKU-1045,Moisturizer,Beauty,Urban Source Ltd.,89,7,0,1,95,26,950.0,Healthy
2025-02-28,SKU-1046,Moisturizer,Beauty,Peak Imports,85,8,7,2,84,21,360.0,Healthy
2025-02-28,SKU-1047,Hair Dryer,Beauty,Nova Supply Co.,64,12,1,1,74,18,740.0,Overstock
2025-02-28,SKU-1048,Hair Dryer,Beauty,Urban Source Ltd.,73,12,0,1,84,15,840.0,Overstock
2025-02-28,SKU-1049,Makeup Brush Set,Beauty,Nova Supply Co.,41,1,0,0,120,33,1200.0,Healthy
2025-02-28,SKU-1050,Makeup Brush Set,Beauty,Peak Imports,48,11,0,1,58,18,580.0,Healthy
2025-02-28,SKU-1051,Yoga Mat,Sports,Brightline Wholesale,75,0,2,1,72,24,720.0,Healthy
2025-02-28,SKU-1052,Yoga Mat,Sports,Peak Imports,132,20,1,1,150,27,1500.0,Overstock
2025-02-28,SKU-1053,Yoga Mat,Sports,Brightline Wholesale,103,7,12,0,98,28,245.0,Healthy
2025-02-28,SKU-1054,Resistance Bands,Sports,Peak Imports,97,13,0,2,113,26,1130.0,Overstock
2025-02-28,SKU-1055,Resistance Bands,Sports,Aster Distribution,52,5,0,0,57,15,570.0,Healthy
2025-02-28,SKU-1056,Resistance Bands,Sports,Nova Supply Co.,102,27,8,2,119,22,446.2,Overstock
2025-02-28,SKU-1057,Water Bottle,Sports,Nova Supply Co.,91,36,18,3,2,26,3.3,Low Stock
2025-02-28,SKU-1058,Water Bottle,Sports,Aster Distribution,114,21,1,1,133,34,1330.0,Healthy
2025-02-28,SKU-1059,Water Bottle,Sports,Brightline Wholesale,87,14,2,0,99,18,990.0,Overstock
2025-02-28,SKU-1060,Running Belt,Sports,Nova Supply Co.,16,15,6,0,49,14,245.0,Healthy
2025-02-28,SKU-1061,Running Belt,Sports,Aster Distribution,62,8,3,1,66,14,660.0,Overstock
2025-02-28,SKU-1062,Running Belt,Sports,Nova Supply Co.,90,3,1,1,91,19,910.0,Overstock
2025-02-28,SKU-1063,Dumbbell Set,Sports,Urban Source Ltd.,131,0,1,1,129,28,1290.0,Overstock
2025-02-28,SKU-1064,Dumbbell Set,Sports,Brightline Wholesale,55,26,7,1,73,33,312.9,Healthy
2025-02-28,SKU-1065,Dumbbell Set,Sports,Urban Source Ltd.,76,16,3,1,88,32,880.0,Healthy
2025-03-31,SKU-1001,Bluetooth Speaker,Electronics,Nova Supply Co.,67,13,2,1,77,21,770.0,Healthy
2025-03-31,SKU-1002,Bluetooth Speaker,Electronics,Nova Supply Co.,31,21,17,0,121,24,213.5,Overstock
2025-03-31,SKU-1003,Bluetooth Speaker,Electronics,Brightline Wholesale,40,22,4,0,58,23,435.0,Healthy
2025-03-31,SKU-1004,Wireless Earbuds,Electronics,Aster Distribution,65,8,6,0,1,16,5.0,Low Stock
2025-03-31,SKU-1005,Wireless Earbuds,Electronics,Aster Distribution,91,6,2,0,95,24,950.0,Healthy
2025-03-31,SKU-1006,Wireless Earbuds,Electronics,Aster Distribution,70,15,4,1,145,32,1087.5,Overstock
2025-03-31,SKU-1007,Power Bank,Electronics,Nova Supply Co.,44,29,7,0,66,15,282.9,Overstock
2025-03-31,SKU-1008,Power Bank,Electronics,Peak Imports,66,0,6,1,59,22,295.0,Healthy
2025-03-31,SKU-1009,Power Bank,Electronics,Nova Supply Co.,41,25,5,0,61,20,366.0,Healthy
2025-03-31,SKU-1010,USB-C Hub,Electronics,Peak Imports,50,32,21,0,61,29,87.1,Healthy
2025-03-31,SKU-1011,USB-C Hub,Electronics,Urban Source Ltd.,71,6,5,1,2,21,12.0,Low Stock
2025-03-31,SKU-1012,USB-C Hub,Electronics,Nova Supply Co.,149,31,11,1,168,30,458.2,Overstock
2025-03-31,SKU-1013,Mechanical Keyboard,Electronics,Nova Supply Co.,55,17,2,1,69,19,690.0,Healthy
2025-03-31,SKU-1014,Mechanical Keyboard,Electronics,Nova Supply Co.,71,16,7,1,47,15,201.4,Healthy
2025-03-31,SKU-1015,Mechanical Keyboard,Electronics,Aster Distribution,54,25,4,1,74,29,555.0,Healthy
2025-03-31,SKU-1016,Air Fryer,Home & Kitchen,Aster Distribution,101,33,7,2,125,32,535.7,Healthy
2025-03-31,SKU-1017,Air Fryer,Home & Kitchen,Peak Imports,40,0,5,0,35,31,210.0,Healthy
2025-03-31,SKU-1018,Air Fryer,Home & Kitchen,Peak Imports,33,25,10,0,48,29,144.0,Healthy
2025-03-31,SKU-1019,Electric Kettle,Home & Kitchen,Nova Supply Co.,67,27,8,0,148,24,555.0,Overstock
2025-03-31,SKU-1020,Electric Kettle,Home & Kitchen,Peak Imports,66,7,0,1,72,17,720.0,Overstock
2025-03-31,SKU-1021,Electric Kettle,Home & Kitchen,Aster Distribution,70,11,3,0,78,31,780.0,Healthy
2025-03-31,SKU-1022,Blender,Home & Kitchen,Peak Imports,86,25,6,1,104,25,520.0,Overstock
2025-03-31,SKU-1023,Blender,Home & Kitchen,Urban Source Ltd.,36,33,7,1,4,25,17.1,Low Stock
2025-03-31,SKU-1024,Blender,Home & Kitchen,Aster Distribution,76,33,12,0,97,18,242.5,Overstock
2025-03-31,SKU-1025,Desk Lamp,Home & Kitchen,Urban Source Ltd.,43,22,6,0,59,30,295.0,Healthy
2025-03-31,SKU-1026,Desk Lamp,Home & Kitchen,Peak Imports,42,2,7,1,36,21,154.3,Healthy
2025-03-31,SKU-1027,Desk Lamp,Home & Kitchen,Brightline Wholesale,49,5,4,3,47,34,352.5,Healthy
2025-03-31,SKU-1028,Storage Box,Home & Kitchen,Nova Supply Co.,90,7,5,2,90,19,540.0,Overstock
2025-03-31,SKU-1029,Storage Box,Home & Kitchen,Aster Distribution,61,27,5,1,82,29,492.0,Healthy
2025-03-31,SKU-1030,Storage Box,Home & Kitchen,Urban Source Ltd.,83,23,2,0,104,32,1040.0,Healthy
2025-03-31,SKU-1031,Notebook,Office,Brightline Wholesale,102,31,6,1,126,23,630.0,Overstock
2025-03-31,SKU-1032,Notebook,Office,Brightline Wholesale,82,0,0,0,82,27,820.0,Healthy
2025-03-31,SKU-1033,Gel Pen Set,Office,Aster Distribution,56,22,2,0,76,19,760.0,Healthy
2025-03-31,SKU-1034,Gel Pen Set,Office,Aster Distribution,91,15,2,2,102,23,1020.0,Overstock
2025-03-31,SKU-1035,Monitor Stand,Office,Brightline Wholesale,86,35,12,0,109,18,272.5,Overstock
2025-03-31,SKU-1036,Monitor Stand,Office,Nova Supply Co.,68,51,20,1,98,28,147.0,Healthy
2025-03-31,SKU-1037,Desk Organizer,Office,Nova Supply Co.,41,2,2,2,39,14,390.0,Healthy
2025-03-31,SKU-1038,Desk Organizer,Office,Urban Source Ltd.,130,20,6,1,143,30,715.0,Overstock
2025-03-31,SKU-1039,Office Chair,Office,Nova Supply Co.,18,23,4,0,49,12,367.5,Overstock
2025-03-31,SKU-1040,Office Chair,Office,Brightline Wholesale,56,14,2,0,68,19,680.0,Healthy
2025-03-31,SKU-1041,Face Cleanser,Beauty,Brightline Wholesale,59,12,3,1,67,26,670.0,Healthy
2025-03-31,SKU-1042,Face Cleanser,Beauty,Peak Imports,16,14,6,0,24,16,120.0,Healthy
2025-03-31,SKU-1043,Sunscreen,Beauty,Brightline Wholesale,73,13,2,0,150,27,1500.0,Overstock
2025-03-31,SKU-1044,Sunscreen,Beauty,Nova Supply Co.,41,27,7,0,61,18,261.4,Healthy
2025-03-31,SKU-1045,Moisturizer,Beauty,Urban Source Ltd.,59,0,4,1,54,26,405.0,Healthy
2025-03-31,SKU-1046,Moisturizer,Beauty,Peak Imports,76,18,5,2,87,21,522.0,Overstock
2025-03-31,SKU-1047,Hair Dryer,Beauty,Nova Supply Co.,48,8,1,0,55,18,550.0,Healthy
2025-03-31,SKU-1048,Hair Dryer,Beauty,Urban Source Ltd.,43,2,5,2,51,15,306.0,Healthy
2025-03-31,SKU-1049,Makeup Brush Set,Beauty,Nova Supply Co.,152,24,4,2,170,33,1275.0,Overstock
2025-03-31,SKU-1050,Makeup Brush Set,Beauty,Peak Imports,70,0,6,1,63,18,315.0,Healthy
2025-03-31,SKU-1051,Yoga Mat,Sports,Brightline Wholesale,48,16,2,0,62,24,620.0,Healthy
2025-03-31,SKU-1052,Yoga Mat,Sports,Peak Imports,28,5,4,1,28,27,210.0,Healthy
2025-03-31,SKU-1053,Yoga Mat,Sports,Brightline Wholesale,91,17,16,0,92,28,172.5,Healthy
2025-03-31,SKU-1054,Resistance Bands,Sports,Peak Imports,70,4,1,1,72,26,720.0,Healthy
2025-03-31,SKU-1055,Resistance Bands,Sports,Aster Distribution,31,19,5,0,45,15,270.0,Healthy
2025-03-31,SKU-1056,Resistance Bands,Sports,Nova Supply Co.,76,26,16,1,115,22,215.6,Overstock
2025-03-31,SKU-1057,Water Bottle,Sports,Nova Supply Co.,33,39,19,0,53,26,83.7,Healthy
2025-03-31,SKU-1058,Water Bottle,Sports,Aster Distribution,157,11,3,2,163,34,1630.0,Overstock
2025-03-31,SKU-1059,Water Bottle,Sports,Brightline Wholesale,19,26,5,0,125,18,750.0,Overstock
2025-03-31,SKU-1060,Running Belt,Sports,Nova Supply Co.,25,11,7,0,29,14,124.3,Healthy
2025-03-31,SKU-1061,Running Belt,Sports,Aster Distribution,18,12,11,0,2,14,5.5,Low Stock
2025-03-31,SKU-1062,Running Belt,Sports,Nova Supply Co.,81,11,3,0,89,19,890.0,Overstock
2025-03-31,SKU-1063,Dumbbell Set,Sports,Urban Source Ltd.,71,15,3,0,83,28,830.0,Healthy
2025-03-31,SKU-1064,Dumbbell Set,Sports,Brightline Wholesale,156,10,6,2,158,33,790.0,Overstock
2025-03-31,SKU-1065,Dumbbell Set,Sports,Urban Source Ltd.,148,10,4,1,153,32,1147.5,Overstock
2025-04-30,SKU-1001,Bluetooth Speaker,Electronics,Nova Supply Co.,94,28,5,2,115,21,690.0,Overstock
2025-04-30,SKU-1002,Bluetooth Speaker,Electronics,Nova Supply Co.,102,37,15,0,124,24,248.0,Overstock
2025-04-30,SKU-1003,Bluetooth Speaker,Electronics,Brightline Wholesale,41,5,2,0,148,23,1480.0,Overstock
2025-04-30,SKU-1004,Wireless Earbuds,Electronics,Aster Distribution,60,7,1,1,65,16,650.0,Overstock
2025-04-30,SKU-1005,Wireless Earbuds,Electronics,Aster Distribution,119,10,9,3,117,24,390.0,Overstock
2025-04-30,SKU-1006,Wireless Earbuds,Electronics,Aster Distribution,114,7,5,2,114,32,684.0,Healthy
2025-04-30,SKU-1007,Power Bank,Electronics,Nova Supply Co.,74,9,3,2,78,15,780.0,Overstock
2025-04-30,SKU-1008,Power Bank,Electronics,Peak Imports,95,12,1,0,106,22,1060.0,Overstock
2025-04-30,SKU-1009,Power Bank,Electronics,Nova Supply Co.,88,5,13,1,79,20,182.3,Healthy
2025-04-30,SKU-1010,USB-C Hub,Electronics,Peak Imports,37,13,20,0,30,29,45.0,Healthy
2025-04-30,SKU-1011,USB-C Hub,Electronics,Urban Source Ltd.,43,7,5,0,45,21,270.0,Healthy
2025-04-30,SKU-1012,USB-C Hub,Electronics,Nova Supply Co.,69,14,10,1,72,30,216.0,Healthy
2025-04-30,SKU-1013,Mechanical Keyboard,Electronics,Nova Supply Co.,52,20,1,0,71,19,710.0,Healthy
2025-04-30,SKU-1014,Mechanical Keyboard,Electronics,Nova Supply Co.,72,27,6,1,92,15,460.0,Overstock
2025-04-30,SKU-1015,Mechanical Keyboard,Electronics,Aster Distribution,78,10,2,1,85,29,850.0,Healthy
2025-04-30,SKU-1016,Air Fryer,Home & Kitchen,Aster Distribution,79,3,0,0,202,32,2020.0,Overstock
2025-04-30,SKU-1017,Air Fryer,Home & Kitchen,Peak Imports,100,1,3,1,97,31,970.0,Healthy
2025-04-30,SKU-1018,Air Fryer,Home & Kitchen,Peak Imports,44,21,6,0,7,29,35.0,Low Stock
2025-04-30,SKU-1019,Electric Kettle,Home & Kitchen,Nova Supply Co.,57,22,7,0,72,24,308.6,Healthy
2025-04-30,SKU-1020,Electric Kettle,Home & Kitchen,Peak Imports,21,1,3,0,19,17,190.0,Healthy
2025-04-30,SKU-1021,Electric Kettle,Home & Kitchen,Aster Distribution,137,20,5,1,151,31,906.0,Overstock
2025-04-30,SKU-1022,Blender,Home & Kitchen,Peak Imports,25,13,0,0,172,25,1720.0,Overstock
2025-04-30,SKU-1023,Blender,Home & Kitchen,Urban Source Ltd.,73,30,6,0,97,25,485.0,Healthy
2025-04-30,SKU-1024,Blender,Home & Kitchen,Aster Distribution,56,18,11,2,61,18,166.4,Healthy
2025-04-30,SKU-1025,Desk Lamp,Home & Kitchen,Urban Source Ltd.,38,9,6,0,41,30,205.0,Healthy
2025-04-30,SKU-1026,Desk Lamp,Home & Kitchen,Peak Imports,80,4,5,1,78,21,468.0,Healthy
2025-04-30,SKU-1027,Desk Lamp,Home & Kitchen,Brightline Wholesale,124,25,5,1,143,34,858.0,Overstock
2025-04-30,SKU-1028,Storage Box,Home & Kitchen,Nova Supply Co.,42,0,5,0,37,19,222.0,Healthy
2025-04-30,SKU-1029,Storage Box,Home & Kitchen,Aster Distribution,127,33,8,2,150,29,562.5,Overstock
2025-04-30,SKU-1030,Storage Box,Home & Kitchen,Urban Source Ltd.,90,0,0,0,90,32,900.0,Healthy
2025-04-30,SKU-1031,Notebook,Office,Brightline Wholesale,102,21,2,0,121,23,1210.0,Overstock
2025-04-30,SKU-1032,Notebook,Office,Brightline Wholesale,75,0,5,2,68,27,408.0,Healthy
2025-04-30,SKU-1033,Gel Pen Set,Office,Aster Distribution,67,13,6,1,73,19,365.0,Healthy
2025-04-30,SKU-1034,Gel Pen Set,Office,Aster Distribution,48,5,5,2,46,23,276.0,Healthy
2025-04-30,SKU-1035,Monitor Stand,Office,Brightline Wholesale,86,27,25,4,84,18,100.8,Overstock
2025-04-30,SKU-1036,Monitor Stand,Office,Nova Supply Co.,138,7,12,0,133,28,332.5,Overstock
2025-04-30,SKU-1037,Desk Organizer,Office,Nova Supply Co.,53,5,3,0,55,14,550.0,Healthy
2025-04-30,SKU-1038,Desk Organizer,Office,Urban Source Ltd.,101,10,1,2,108,30,1080.0,Healthy
2025-04-30,SKU-1039,Office Chair,Office,Nova Supply Co.,27,13,0,1,39,12,390.0,Healthy
2025-04-30,SKU-1040,Office Chair,Office,Brightline Wholesale,52,16,3,0,85,19,850.0,Overstock
2025-04-30,SKU-1041,Face Cleanser,Beauty,Brightline Wholesale,89,13,3,2,97,26,970.0,Healthy
2025-04-30,SKU-1042,Face Cleanser,Beauty,Peak Imports,32,23,10,0,2,16,6.0,Low Stock
2025-04-30,SKU-1043,Sunscreen,Beauty,Brightline Wholesale,50,20,1,1,68,27,680.0,Healthy
2025-04-30,SKU-1044,Sunscreen,Beauty,Nova Supply Co.,20,4,0,1,23,18,230.0,Healthy
2025-04-30,SKU-1045,Moisturizer,Beauty,Urban Source Ltd.,75,7,0,0,2,26,20.0,Low Stock
2025-04-30,SKU-1046,Moisturizer,Beauty,Peak Imports,32,21,7,0,46,21,197.1,Healthy
2025-04-30,SKU-1047,Hair Dryer,Beauty,Nova Supply Co.,75,16,4,0,87,18,652.5,Overstock
2025-04-30,SKU-1048,Hair Dryer,Beauty,Urban Source Ltd.,18,22,5,0,35,15,210.0,Healthy
2025-04-30,SKU-1049,Makeup Brush Set,Beauty,Nova Supply Co.,108,14,2,0,120,33,1200.0,Healthy
2025-04-30,SKU-1050,Makeup Brush Set,Beauty,Peak Imports,39,13,2,0,50,18,500.0,Healthy
2025-04-30,SKU-1051,Yoga Mat,Sports,Brightline Wholesale,93,8,1,3,102,24,1020.0,Overstock
2025-04-30,SKU-1052,Yoga Mat,Sports,Peak Imports,103,11,0,1,135,27,1350.0,Overstock
2025-04-30,SKU-1053,Yoga Mat,Sports,Brightline Wholesale,107,32,10,1,128,28,384.0,Overstock
2025-04-30,SKU-1054,Resistance Bands,Sports,Peak Imports,95,20,3,1,111,26,1110.0,Overstock
2025-04-30,SKU-1055,Resistance Bands,Sports,Aster Distribution,29,12,1,1,39,15,390.0,Healthy
2025-04-30,SKU-1056,Resistance Bands,Sports,Nova Supply Co.,60,33,18,2,73,22,121.7,Healthy
2025-04-30,SKU-1057,Water Bottle,Sports,Nova Supply Co.,51,41,19,1,72,26,113.7,Healthy
2025-04-30,SKU-1058,Water Bottle,Sports,Aster Distribution,58,8,2,0,64,34,640.0,Healthy
2025-04-30,SKU-1059,Water Bottle,Sports,Brightline Wholesale,78,2,3,2,75,18,750.0,Overstock
2025-04-30,SKU-1060,Running Belt,Sports,Nova Supply Co.,44,13,4,0,53,14,397.5,Healthy
2025-04-30,SKU-1061,Running Belt,Sports,Aster Distribution,28,19,8,0,39,14,146.2,Healthy
2025-04-30,SKU-1062,Running Belt,Sports,Nova Supply Co.,48,15,1,1,2,19,20.0,Low Stock
2025-04-30,SKU-1063,Dumbbell Set,Sports,Urban Source Ltd.,31,5,5,0,31,28,186.0,Healthy
2025-04-30,SKU-1064,Dumbbell Set,Sports,Brightline Wholesale,101,26,6,2,119,33,595.0,Healthy
2025-04-30,SKU-1065,Dumbbell Set,Sports,Urban Source Ltd.,145,32,7,0,170,32,728.6,Overstock
2025-05-31,SKU-1001,Bluetooth Speaker,Electronics,Nova Supply Co.,52,25,9,0,68,21,226.7,Healthy
2025-05-31,SKU-1002,Bluetooth Speaker,Electronics,Nova Supply Co.,85,58,20,4,3,24,4.5,Low Stock
2025-05-31,SKU-1003,Bluetooth Speaker,Electronics,Brightline Wholesale,83,8,1,0,90,23,900.0,Healthy
2025-05-31,SKU-1004,Wireless Earbuds,Electronics,Aster Distribution,24,3,1,0,26,16,260.0,Healthy
2025-05-31,SKU-1005,Wireless Earbuds,Electronics,Aster Distribution,28,19,2,0,45,24,450.0,Healthy
2025-05-31,SKU-1006,Wireless Earbuds,Electronics,Aster Distribution,92,22,17,1,5,32,8.8,Low Stock
2025-05-31,SKU-1007,Power Bank,Electronics,Nova Supply Co.,36,13,3,0,46,15,460.0,Healthy
2025-05-31,SKU-1008,Power Bank,Electronics,Peak Imports,108,29,12,1,124,22,310.0,Overstock
2025-05-31,SKU-1009,Power Bank,Electronics,Nova Supply Co.,85,42,12,0,115,20,287.5,Overstock
2025-05-31,SKU-1010,USB-C Hub,Electronics,Peak Imports,78,37,15,0,100,29,200.0,Healthy
2025-05-31,SKU-1011,USB-C Hub,Electronics,Urban Source Ltd.,91,21,4,1,107,21,802.5,Overstock
2025-05-31,SKU-1012,USB-C Hub,Electronics,Nova Supply Co.,55,53,18,1,89,30,148.3,Healthy
2025-05-31,SKU-1013,Mechanical Keyboard,Electronics,Nova Supply Co.,73,14,0,0,87,19,870.0,Overstock
2025-05-31,SKU-1014,Mechanical Keyboard,Electronics,Nova Supply Co.,52,18,6,0,64,15,320.0,Overstock
2025-05-31,SKU-1015,Mechanical Keyboard,Electronics,Aster Distribution,54,22,7,0,69,29,295.7,Healthy
2025-05-31,SKU-1016,Air Fryer,Home & Kitchen,Aster Distribution,38,12,3,0,47,32,470.0,Healthy
2025-05-31,SKU-1017,Air Fryer,Home & Kitchen,Peak Imports,43,2,4,0,41,31,307.5,Healthy
2025-05-31,SKU-1018,Air Fryer,Home & Kitchen,Peak Imports,117,21,4,2,132,29,990.0,Overstock
2025-05-31,SKU-1019,Electric Kettle,Home & Kitchen,Nova Supply Co.,52,49,17,0,84,24,148.2,Healthy
2025-05-31,SKU-1020,Electric Kettle,Home & Kitchen,Peak Imports,59,21,6,0,1,17,5.0,Low Stock
2025-05-31,SKU-1021,Electric Kettle,Home & Kitchen,Aster Distribution,108,6,4,0,110,31,825.0,Healthy
2025-05-31,SKU-1022,Blender,Home & Kitchen,Peak Imports,68,2,4,0,66,25,495.0,Healthy
2025-05-31,SKU-1023,Blender,Home & Kitchen,Urban Source Ltd.,27,19,5,1,40,25,240.0,Healthy
2025-05-31,SKU-1024,Blender,Home & Kitchen,Aster Distribution,69,9,6,0,72,18,360.0,Healthy
2025-05-31,SKU-1025,Desk Lamp,Home & Kitchen,Urban Source Ltd.,92,12,7,0,97,30,415.7,Healthy
2025-05-31,SKU-1026,Desk Lamp,Home & Kitchen,Peak Imports,95,53,17,0,131,21,231.2,Overstock
2025-05-31,SKU-1027,Desk Lamp,Home & Kitchen,Brightline Wholesale,90,9,3,0,96,34,960.0,Healthy
2025-05-31,SKU-1028,Storage Box,Home & Kitchen,Nova Supply Co.,47,11,4,1,53,19,397.5,Healthy
2025-05-31,SKU-1029,Storage Box,Home & Kitchen,Aster Distribution,103,7,1,0,109,29,1090.0,Healthy
2025-05-31,SKU-1030,Storage Box,Home & Kitchen,Urban Source Ltd.,38,44,14,0,68,32,145.7,Healthy
2025-05-31,SKU-1031,Notebook,Office,Brightline Wholesale,102,6,14,0,94,23,201.4,Overstock
2025-05-31,SKU-1032,Notebook,Office,Brightline Wholesale,48,26,4,0,70,27,525.0,Healthy
2025-05-31,SKU-1033,Gel Pen Set,Office,Aster Distribution,83,0,4,3,76,19,570.0,Healthy
2025-05-31,SKU-1034,Gel Pen Set,Office,Aster Distribution,29,27,6,0,50,23,250.0,Healthy
2025-05-31,SKU-1035,Monitor Stand,Office,Brightline Wholesale,57,52,18,0,91,18,151.7,Overstock
2025-05-31,SKU-1036,Monitor Stand,Office,Nova Supply Co.,119,25,11,0,133,28,362.7,Overstock
2025-05-31,SKU-1037,Desk Organizer,Office,Nova Supply Co.,31,2,0,0,33,14,330.0,Healthy
2025-05-31,SKU-1038,Desk Organizer,Office,Urban Source Ltd.,48,12,3,2,55,30,550.0,Healthy
2025-05-31,SKU-1039,Office Chair,Office,Nova Supply Co.,37,10,0,0,47,12,470.0,Healthy
2025-05-31,SKU-1040,Office Chair,Office,Brightline Wholesale,52,22,3,1,70,19,700.0,Healthy
2025-05-31,SKU-1041,Face Cleanser,Beauty,Brightline Wholesale,89,12,0,0,101,26,1010.0,Healthy
2025-05-31,SKU-1042,Face Cleanser,Beauty,Peak Imports,36,14,11,0,39,16,106.4,Healthy
2025-05-31,SKU-1043,Sunscreen,Beauty,Brightline Wholesale,108,13,6,2,113,27,565.0,Overstock
2025-05-31,SKU-1044,Sunscreen,Beauty,Nova Supply Co.,30,23,2,1,50,18,500.0,Healthy
2025-05-31,SKU-1045,Moisturizer,Beauty,Urban Source Ltd.,76,3,1,2,76,26,760.0,Healthy
2025-05-31,SKU-1046,Moisturizer,Beauty,Peak Imports,39,28,5,0,62,21,372.0,Healthy
2025-05-31,SKU-1047,Hair Dryer,Beauty,Nova Supply Co.,50,7,2,0,55,18,550.0,Healthy
2025-05-31,SKU-1048,Hair Dryer,Beauty,Urban Source Ltd.,60,20,2,0,78,15,780.0,Overstock
2025-05-31,SKU-1049,Makeup Brush Set,Beauty,Nova Supply Co.,45,5,3,1,46,33,460.0,Healthy
2025-05-31,SKU-1050,Makeup Brush Set,Beauty,Peak Imports,81,25,5,2,0,18,0.0,Stockout
2025-05-31,SKU-1051,Yoga Mat,Sports,Brightline Wholesale,82,7,2,1,86,24,860.0,Healthy
2025-05-31,SKU-1052,Yoga Mat,Sports,Peak Imports,105,8,2,0,111,27,1110.0,Overstock
2025-05-31,SKU-1053,Yoga Mat,Sports,Brightline Wholesale,95,24,22,3,94,28,128.2,Healthy
2025-05-31,SKU-1054,Resistance Bands,Sports,Peak Imports,66,12,0,0,78,26,780.0,Healthy
2025-05-31,SKU-1055,Resistance Bands,Sports,Aster Distribution,57,24,5,1,75,15,450.0,Overstock
2025-05-31,SKU-1056,Resistance Bands,Sports,Nova Supply Co.,41,40,11,2,68,22,185.5,Healthy
2025-05-31,SKU-1057,Water Bottle,Sports,Nova Supply Co.,83,42,24,0,130,26,162.5,Overstock
2025-05-31,SKU-1058,Water Bottle,Sports,Aster Distribution,108,11,3,1,115,34,1150.0,Healthy
2025-05-31,SKU-1059,Water Bottle,Sports,Brightline Wholesale,25,3,4,1,23,18,172.5,Healthy
2025-05-31,SKU-1060,Running Belt,Sports,Nova Supply Co.,69,25,3,0,91,14,910.0,Overstock
2025-05-31,SKU-1061,Running Belt,Sports,Aster Distribution,21,38,10,0,49,14,147.0,Healthy
2025-05-31,SKU-1062,Running Belt,Sports,Nova Supply Co.,40,13,0,0,53,19,530.0,Healthy
2025-05-31,SKU-1063,Dumbbell Set,Sports,Urban Source Ltd.,59,12,1,1,69,28,690.0,Healthy
2025-05-31,SKU-1064,Dumbbell Set,Sports,Brightline Wholesale,48,2,4,0,46,33,345.0,Healthy
2025-05-31,SKU-1065,Dumbbell Set,Sports,Urban Source Ltd.,93,6,3,0,8,32,80.0,Low Stock
2025-06-30,SKU-1001,Bluetooth Speaker,Electronics,Nova Supply Co.,77,20,10,1,86,21,258.0,Overstock
2025-06-30,SKU-1002,Bluetooth Speaker,Electronics,Nova Supply Co.,93,5,11,0,87,24,237.3,Healthy
2025-06-30,SKU-1003,Bluetooth Speaker,Electronics,Brightline Wholesale,107,12,0,2,117,23,1170.0,Overstock
2025-06-30,SKU-1004,Wireless Earbuds,Electronics,Aster Distribution,69,9,1,2,75,16,750.0,Overstock
2025-06-30,SKU-1005,Wireless Earbuds,Electronics,Aster Distribution,103,37,9,1,130,24,433.3,Overstock
2025-06-30,SKU-1006,Wireless Earbuds,Electronics,Aster Distribution,80,22,2,1,99,32,990.0,Healthy
2025-06-30,SKU-1007,Power Bank,Electronics,Nova Supply Co.,67,6,4,0,69,15,517.5,Overstock
2025-06-30,SKU-1008,Power Bank,Electronics,Peak Imports,46,21,4,2,61,22,457.5,Healthy
2025-06-30,SKU-1009,Power Bank,Electronics,Nova Supply Co.,76,11,11,1,74,20,201.8,Healthy
2025-06-30,SKU-1010,USB-C Hub,Electronics,Peak Imports,116,31,17,1,129,29,227.6,Overstock
2025-06-30,SKU-1011,USB-C Hub,Electronics,Urban Source Ltd.,26,8,13,0,21,21,48.5,Healthy
2025-06-30,SKU-1012,USB-C Hub,Electronics,Nova Supply Co.,49,21,7,0,63,30,270.0,Healthy
2025-06-30,SKU-1013,Mechanical Keyboard,Electronics,Nova Supply Co.,67,1,1,0,125,19,1250.0,Overstock
2025-06-30,SKU-1014,Mechanical Keyboard,Electronics,Nova Supply Co.,71,2,8,0,1,15,3.8,Low Stock
2025-06-30,SKU-1015,Mechanical Keyboard,Electronics,Aster Distribution,119,9,3,2,123,29,1230.0,Overstock
2025-06-30,SKU-1016,Air Fryer,Home & Kitchen,Aster Distribution,33,7,2,0,38,32,380.0,Healthy
2025-06-30,SKU-1017,Air Fryer,Home & Kitchen,Peak Imports,120,19,2,1,136,31,1360.0,Overstock
2025-06-30,SKU-1018,Air Fryer,Home & Kitchen,Peak Imports,131,13,6,0,138,29,690.0,Overstock
2025-06-30,SKU-1019,Electric Kettle,Home & Kitchen,Nova Supply Co.,73,12,6,0,79,24,395.0,Healthy
2025-06-30,SKU-1020,Electric Kettle,Home & Kitchen,Peak Imports,74,19,3,0,90,17,900.0,Overstock
2025-06-30,SKU-1021,Electric Kettle,Home & Kitchen,Aster Distribution,46,5,6,0,212,31,1060.0,Overstock
2025-06-30,SKU-1022,Blender,Home & Kitchen,Peak Imports,45,23,4,0,64,25,480.0,Healthy
2025-06-30,SKU-1023,Blender,Home & Kitchen,Urban Source Ltd.,85,19,5,0,99,25,594.0,Healthy
2025-06-30,SKU-1024,Blender,Home & Kitchen,Aster Distribution,71,33,9,1,94,18,313.3,Overstock
2025-06-30,SKU-1025,Desk Lamp,Home & Kitchen,Urban Source Ltd.,55,12,4,1,159,30,1192.5,Overstock
2025-06-30,SKU-1026,Desk Lamp,Home & Kitchen,Peak Imports,79,21,5,0,108,21,648.0,Overstock
2025-06-30,SKU-1027,Desk Lamp,Home & Kitchen,Brightline Wholesale,131,0,3,0,6,34,60.0,Low Stock
2025-06-30,SKU-1028,Storage Box,Home & Kitchen,Nova Supply Co.,29,2,5,0,26,19,156.0,Healthy
2025-06-30,SKU-1029,Storage Box,Home & Kitchen,Aster Distribution,75,7,5,0,77,29,462.0,Healthy
2025-06-30,SKU-1030,Storage Box,Home & Kitchen,Urban Source Ltd.,85,2,3,1,83,32,830.0,Healthy
2025-06-30,SKU-1031,Notebook,Office,Brightline Wholesale,84,26,4,1,105,23,787.5,Overstock
2025-06-30,SKU-1032,Notebook,Office,Brightline Wholesale,58,10,0,0,68,27,680.0,Healthy
2025-06-30,SKU-1033,Gel Pen Set,Office,Aster Distribution,78,16,2,0,92,19,920.0,Overstock
2025-06-30,SKU-1034,Gel Pen Set,Office,Aster Distribution,95,8,6,1,96,23,480.0,Overstock
2025-06-30,SKU-1035,Monitor Stand,Office,Brightline Wholesale,49,29,11,0,67,18,182.7,Healthy
2025-06-30,SKU-1036,Monitor Stand,Office,Nova Supply Co.,85,32,17,1,99,28,174.7,Healthy
2025-06-30,SKU-1037,Desk Organizer,Office,Nova Supply Co.,50,2,6,2,44,14,220.0,Healthy
2025-06-30,SKU-1038,Desk Organizer,Office,Urban Source Ltd.,139,5,1,1,142,30,1420.0,Overstock
2025-06-30,SKU-1039,Office Chair,Office,Nova Supply Co.,56,30,6,1,79,12,395.0,Overstock
2025-06-30,SKU-1040,Office Chair,Office,Brightline Wholesale,47,22,7,0,62,19,265.7,Healthy
2025-06-30,SKU-1041,Face Cleanser,Beauty,Brightline Wholesale,90,1,1,3,87,26,870.0,Healthy
2025-06-30,SKU-1042,Face Cleanser,Beauty,Peak Imports,33,24,8,0,49,16,183.8,Healthy
2025-06-30,SKU-1043,Sunscreen,Beauty,Brightline Wholesale,112,19,2,2,127,27,1270.0,Overstock
2025-06-30,SKU-1044,Sunscreen,Beauty,Nova Supply Co.,48,1,8,1,121,18,453.8,Overstock
2025-06-30,SKU-1045,Moisturizer,Beauty,Urban Source Ltd.,123,2,1,2,122,26,1220.0,Overstock
2025-06-30,SKU-1046,Moisturizer,Beauty,Peak Imports,50,5,0,0,55,21,550.0,Healthy
2025-06-30,SKU-1047,Hair Dryer,Beauty,Nova Supply Co.,45,3,2,0,46,18,460.0,Healthy
2025-06-30,SKU-1048,Hair Dryer,Beauty,Urban Source Ltd.,72,2,1,0,73,15,730.0,Overstock
2025-06-30,SKU-1049,Makeup Brush Set,Beauty,Nova Supply Co.,54,9,0,0,63,33,630.0,Healthy
2025-06-30,SKU-1050,Makeup Brush Set,Beauty,Peak Imports,72,11,4,0,79,18,592.5,Overstock
2025-06-30,SKU-1051,Yoga Mat,Sports,Brightline Wholesale,86,13,0,0,99,24,990.0,Overstock
2025-06-30,SKU-1052,Yoga Mat,Sports,Peak Imports,134,1,0,1,134,27,1340.0,Overstock
2025-06-30,SKU-1053,Yoga Mat,Sports,Brightline Wholesale,74,22,14,2,80,28,171.4,Healthy
2025-06-30,SKU-1054,Resistance Bands,Sports,Peak Imports,129,23,4,2,146,26,1095.0,Overstock
2025-06-30,SKU-1055,Resistance Bands,Sports,Aster Distribution,38,24,4,0,4,15,30.0,Low Stock
2025-06-30,SKU-1056,Resistance Bands,Sports,Nova Supply Co.,73,12,11,0,74,22,201.8,Healthy
2025-06-30,SKU-1057,Water Bottle,Sports,Nova Supply Co.,124,34,17,0,141,26,248.8,Overstock
2025-06-30,SKU-1058,Water Bottle,Sports,Aster Distribution,104,6,4,1,105,34,787.5,Healthy
2025-06-30,SKU-1059,Water Bottle,Sports,Brightline Wholesale,53,25,4,0,74,18,555.0,Overstock
2025-06-30,SKU-1060,Running Belt,Sports,Nova Supply Co.,61,26,12,0,75,14,187.5,Overstock
2025-06-30,SKU-1061,Running Belt,Sports,Aster Distribution,16,29,9,0,36,14,120.0,Healthy
2025-06-30,SKU-1062,Running Belt,Sports,Nova Supply Co.,71,13,1,4,79,19,790.0,Overstock
2025-06-30,SKU-1063,Dumbbell Set,Sports,Urban Source Ltd.,132,5,11,1,125,28,340.9,Overstock
2025-06-30,SKU-1064,Dumbbell Set,Sports,Brightline Wholesale,151,25,7,1,168,33,720.0,Overstock
2025-06-30,SKU-1065,Dumbbell Set,Sports,Urban Source Ltd.,36,0,2,0,34,32,340.0,Healthy
2025-07-31,SKU-1001,Bluetooth Speaker,Electronics,Nova Supply Co.,34,0,8,0,26,21,97.5,Healthy
2025-07-31,SKU-1002,Bluetooth Speaker,Electronics,Nova Supply Co.,26,34,16,0,44,24,82.5,Healthy
2025-07-31,SKU-1003,Bluetooth Speaker,Electronics,Brightline Wholesale,74,39,12,1,100,23,250.0,Overstock
2025-07-31,SKU-1004,Wireless Earbuds,Electronics,Aster Distribution,52,3,2,0,53,16,530.0,Healthy
2025-07-31,SKU-1005,Wireless Earbuds,Electronics,Aster Distribution,71,28,7,0,92,24,394.3,Healthy
2025-07-31,SKU-1006,Wireless Earbuds,Electronics,Aster Distribution,124,19,7,1,135,32,578.6,Overstock
2025-07-31,SKU-1007,Power Bank,Electronics,Nova Supply Co.,17,4,10,1,10,15,30.0,Low Stock
2025-07-31,SKU-1008,Power Bank,Electronics,Peak Imports,104,22,5,3,118,22,708.0,Overstock
2025-07-31,SKU-1009,Power Bank,Electronics,Nova Supply Co.,71,17,8,2,78,20,292.5,Healthy
2025-07-31,SKU-1010,USB-C Hub,Electronics,Peak Imports,105,26,18,1,8,29,13.3,Low Stock
2025-07-31,SKU-1011,USB-C Hub,Electronics,Urban Source Ltd.,49,16,5,1,1,21,6.0,Low Stock
2025-07-31,SKU-1012,USB-C Hub,Electronics,Nova Supply Co.,121,17,9,1,128,30,426.7,Overstock
2025-07-31,SKU-1013,Mechanical Keyboard,Electronics,Nova Supply Co.,39,8,0,1,46,19,460.0,Healthy
2025-07-31,SKU-1014,Mechanical Keyboard,Electronics,Nova Supply Co.,66,24,9,0,81,15,270.0,Overstock
2025-07-31,SKU-1015,Mechanical Keyboard,Electronics,Aster Distribution,69,32,11,0,90,29,245.5,Healthy
2025-07-31,SKU-1016,Air Fryer,Home & Kitchen,Aster Distribution,70,16,2,0,84,32,840.0,Healthy
2025-07-31,SKU-1017,Air Fryer,Home & Kitchen,Peak Imports,62,1,5,0,189,31,1134.0,Overstock
2025-07-31,SKU-1018,Air Fryer,Home & Kitchen,Peak Imports,35,22,8,1,48,29,180.0,Healthy
2025-07-31,SKU-1019,Electric Kettle,Home & Kitchen,Nova Supply Co.,99,39,15,0,123,24,246.0,Overstock
2025-07-31,SKU-1020,Electric Kettle,Home & Kitchen,Peak Imports,60,28,6,0,82,17,410.0,Overstock
2025-07-31,SKU-1021,Electric Kettle,Home & Kitchen,Aster Distribution,151,14,5,1,168,31,1008.0,Overstock
2025-07-31,SKU-1022,Blender,Home & Kitchen,Peak Imports,89,18,3,3,101,25,1010.0,Overstock
2025-07-31,SKU-1023,Blender,Home & Kitchen,Urban Source Ltd.,92,15,4,1,80,25,600.0,Healthy
2025-07-31,SKU-1024,Blender,Home & Kitchen,Aster Distribution,85,16,12,1,108,18,270.0,Overstock
2025-07-31,SKU-1025,Desk Lamp,Home & Kitchen,Urban Source Ltd.,104,12,3,0,113,30,1130.0,Healthy
2025-07-31,SKU-1026,Desk Lamp,Home & Kitchen,Peak Imports,65,43,12,2,94,21,235.0,Overstock
2025-07-31,SKU-1027,Desk Lamp,Home & Kitchen,Brightline Wholesale,45,7,2,0,150,34,1500.0,Overstock
2025-07-31,SKU-1028,Storage Box,Home & Kitchen,Nova Supply Co.,30,18,2,1,45,19,450.0,Healthy
2025-07-31,SKU-1029,Storage Box,Home & Kitchen,Aster Distribution,132,14,7,0,0,29,0.0,Stockout
2025-07-31,SKU-1030,Storage Box,Home & Kitchen,Urban Source Ltd.,100,37,9,2,126,32,420.0,Healthy
2025-07-31,SKU-1031,Notebook,Office,Brightline Wholesale,47,25,4,1,67,23,502.5,Healthy
2025-07-31,SKU-1032,Notebook,Office,Brightline Wholesale,75,16,7,0,84,27,360.0,Healthy
2025-07-31,SKU-1033,Gel Pen Set,Office,Aster Distribution,52,0,0,0,77,19,770.0,Overstock
2025-07-31,SKU-1034,Gel Pen Set,Office,Aster Distribution,52,5,9,0,48,23,160.0,Healthy
2025-07-31,SKU-1035,Monitor Stand,Office,Brightline Wholesale,46,42,17,1,70,18,123.5,Healthy
2025-07-31,SKU-1036,Monitor Stand,Office,Nova Supply Co.,106,9,7,0,108,28,462.9,Healthy
2025-07-31,SKU-1037,Desk Organizer,Office,Nova Supply Co.,59,2,4,0,57,14,427.5,Overstock
2025-07-31,SKU-1038,Desk Organizer,Office,Urban Source Ltd.,98,13,1,2,108,30,1080.0,Healthy
2025-07-31,SKU-1039,Office Chair,Office,Nova Supply Co.,42,2,3,1,40,12,400.0,Healthy
2025-07-31,SKU-1040,Office Chair,Office,Brightline Wholesale,45,33,7,2,69,19,295.7,Healthy
2025-07-31,SKU-1041,Face Cleanser,Beauty,Brightline Wholesale,59,12,6,0,65,26,325.0,Healthy
2025-07-31,SKU-1042,Face Cleanser,Beauty,Peak Imports,40,29,8,2,59,16,221.2,Healthy
2025-07-31,SKU-1043,Sunscreen,Beauty,Brightline Wholesale,114,3,2,0,115,27,1150.0,Overstock
2025-07-31,SKU-1044,Sunscreen,Beauty,Nova Supply Co.,19,2,0,1,20,18,200.0,Healthy
2025-07-31,SKU-1045,Moisturizer,Beauty,Urban Source Ltd.,72,23,3,1,91,26,910.0,Healthy
2025-07-31,SKU-1046,Moisturizer,Beauty,Peak Imports,77,11,5,0,83,21,498.0,Healthy
2025-07-31,SKU-1047,Hair Dryer,Beauty,Nova Supply Co.,48,21,1,1,67,18,670.0,Healthy
2025-07-31,SKU-1048,Hair Dryer,Beauty,Urban Source Ltd.,53,6,9,0,50,15,166.7,Healthy
2025-07-31,SKU-1049,Makeup Brush Set,Beauty,Nova Supply Co.,122,30,6,2,144,33,720.0,Overstock
2025-07-31,SKU-1050,Makeup Brush Set,Beauty,Peak Imports,65,1,1,1,64,18,640.0,Healthy
2025-07-31,SKU-1051,Yoga Mat,Sports,Brightline Wholesale,118,12,3,1,126,24,1260.0,Overstock
2025-07-31,SKU-1052,Yoga Mat,Sports,Peak Imports,113,7,1,1,118,27,1180.0,Overstock
2025-07-31,SKU-1053,Yoga Mat,Sports,Brightline Wholesale,130,12,20,3,119,28,178.5,Overstock
2025-07-31,SKU-1054,Resistance Bands,Sports,Peak Imports,76,13,2,1,86,26,860.0,Healthy
2025-07-31,SKU-1055,Resistance Bands,Sports,Aster Distribution,19,21,1,0,39,15,390.0,Healthy
2025-07-31,SKU-1056,Resistance Bands,Sports,Nova Supply Co.,88,18,9,1,142,22,473.3,Overstock
2025-07-31,SKU-1057,Water Bottle,Sports,Nova Supply Co.,43,19,25,2,142,26,170.4,Overstock
2025-07-31,SKU-1058,Water Bottle,Sports,Aster Distribution,139,18,2,1,154,34,1540.0,Overstock
2025-07-31,SKU-1059,Water Bottle,Sports,Brightline Wholesale,39,21,7,0,2,18,8.6,Low Stock
2025-07-31,SKU-1060,Running Belt,Sports,Nova Supply Co.,58,17,2,0,73,14,730.0,Overstock
2025-07-31,SKU-1061,Running Belt,Sports,Aster Distribution,14,29,15,0,88,14,176.0,Overstock
2025-07-31,SKU-1062,Running Belt,Sports,Nova Supply Co.,89,15,4,1,99,19,742.5,Overstock
2025-07-31,SKU-1063,Dumbbell Set,Sports,Urban Source Ltd.,46,44,13,0,77,28,177.7,Healthy
2025-07-31,SKU-1064,Dumbbell Set,Sports,Brightline Wholesale,89,13,5,2,132,33,792.0,Healthy
2025-07-31,SKU-1065,Dumbbell Set,Sports,Urban Source Ltd.,121,30,6,5,140,32,700.0,Overstock
2025-08-31,SKU-1001,Bluetooth Speaker,Electronics,Nova Supply Co.,28,4,10,0,22,21,66.0,Healthy
2025-08-31,SKU-1002,Bluetooth Speaker,Electronics,Nova Supply Co.,72,28,12,0,88,24,220.0,Healthy
2025-08-31,SKU-1003,Bluetooth Speaker,Electronics,Brightline Wholesale,67,16,2,2,79,23,790.0,Healthy
2025-08-31,SKU-1004,Wireless Earbuds,Electronics,Aster Distribution,41,2,7,0,36,16,154.3,Healthy
2025-08-31,SKU-1005,Wireless Earbuds,Electronics,Aster Distribution,101,18,12,0,100,24,250.0,Overstock
2025-08-31,SKU-1006,Wireless Earbuds,Electronics,Aster Distribution,78,4,3,4,148,32,1480.0,Overstock
2025-08-31,SKU-1007,Power Bank,Electronics,Nova Supply Co.,31,21,6,0,2,15,10.0,Low Stock
2025-08-31,SKU-1008,Power Bank,Electronics,Peak Imports,105,26,7,2,122,22,522.9,Overstock
2025-08-31,SKU-1009,Power Bank,Electronics,Nova Supply Co.,48,19,13,0,54,20,124.6,Healthy
2025-08-31,SKU-1010,USB-C Hub,Electronics,Peak Imports,90,14,9,1,94,29,313.3,Healthy
2025-08-31,SKU-1011,USB-C Hub,Electronics,Urban Source Ltd.,68,19,4,0,83,21,622.5,Healthy
2025-08-31,SKU-1012,USB-C Hub,Electronics,Nova Supply Co.,147,3,7,3,140,30,600.0,Overstock
2025-08-31,SKU-1013,Mechanical Keyboard,Electronics,Nova Supply Co.,41,15,5,1,50,19,300.0,Healthy
2025-08-31,SKU-1014,Mechanical Keyboard,Electronics,Nova Supply Co.,29,20,6,1,89,15,445.0,Overstock
2025-08-31,SKU-1015,Mechanical Keyboard,Electronics,Aster Distribution,87,20,8,2,97,29,363.8,Healthy
2025-08-31,SKU-1016,Air Fryer,Home & Kitchen,Aster Distribution,32,3,0,0,7,32,70.0,Low Stock
2025-08-31,SKU-1017,Air Fryer,Home & Kitchen,Peak Imports,97,17,1,0,113,31,1130.0,Healthy
2025-08-31,SKU-1018,Air Fryer,Home & Kitchen,Peak Imports,50,1,4,2,45,29,337.5,Healthy
2025-08-31,SKU-1019,Electric Kettle,Home & Kitchen,Nova Supply Co.,74,9,8,1,74,24,277.5,Healthy
2025-08-31,SKU-1020,Electric Kettle,Home & Kitchen,Peak Imports,28,43,13,0,58,17,133.8,Healthy
2025-08-31,SKU-1021,Electric Kettle,Home & Kitchen,Aster Distribution,101,2,2,3,98,31,980.0,Healthy
2025-08-31,SKU-1022,Blender,Home & Kitchen,Peak Imports,106,2,1,0,107,25,1070.0,Overstock
2025-08-31,SKU-1023,Blender,Home & Kitchen,Urban Source Ltd.,32,4,1,0,35,25,350.0,Healthy
2025-08-31,SKU-1024,Blender,Home & Kitchen,Aster Distribution,84,2,9,1,4,18,13.3,Low Stock
2025-08-31,SKU-1025,Desk Lamp,Home & Kitchen,Urban Source Ltd.,113,5,8,3,107,30,401.2,Healthy
2025-08-31,SKU-1026,Desk Lamp,Home & Kitchen,Peak Imports,90,43,16,0,117,21,219.4,Overstock
2025-08-31,SKU-1027,Desk Lamp,Home & Kitchen,Brightline Wholesale,152,13,4,1,160,34,1200.0,Overstock
2025-08-31,SKU-1028,Storage Box,Home & Kitchen,Nova Supply Co.,94,12,4,2,100,19,750.0,Overstock
2025-08-31,SKU-1029,Storage Box,Home & Kitchen,Aster Distribution,141,3,3,2,3,29,30.0,Low Stock
2025-08-31,SKU-1030,Storage Box,Home & Kitchen,Urban Source Ltd.,130,22,6,2,144,32,720.0,Overstock
2025-08-31,SKU-1031,Notebook,Office,Brightline Wholesale,32,19,3,0,48,23,480.0,Healthy
2025-08-31,SKU-1032,Notebook,Office,Brightline Wholesale,81,8,2,0,87,27,870.0,Healthy
2025-08-31,SKU-1033,Gel Pen Set,Office,Aster Distribution,58,21,8,1,114,19,427.5,Overstock
2025-08-31,SKU-1034,Gel Pen Set,Office,Aster Distribution,89,1,2,0,5,23,50.0,Low Stock
2025-08-31,SKU-1035,Monitor Stand,Office,Brightline Wholesale,59,30,15,0,74,18,148.0,Overstock
2025-08-31,SKU-1036,Monitor Stand,Office,Nova Supply Co.,78,9,13,0,74,28,170.8,Healthy
2025-08-31,SKU-1037,Desk Organizer,Office,Nova Supply Co.,69,8,7,0,70,14,300.0,Overstock
2025-08-31,SKU-1038,Desk Organizer,Office,Urban Source Ltd.,100,12,1,0,111,30,1110.0,Healthy
2025-08-31,SKU-1039,Office Chair,Office,Nova Supply Co.,14,23,3,0,34,12,340.0,Healthy
2025-08-31,SKU-1040,Office Chair,Office,Brightline Wholesale,41,5,4,1,41,19,307.5,Healthy
2025-08-31,SKU-1041,Face Cleanser,Beauty,Brightline Wholesale,59,20,2,1,76,26,760.0,Healthy
2025-08-31,SKU-1042,Face Cleanser,Beauty,Peak Imports,51,15,5,2,59,16,354.0,Healthy
2025-08-31,SKU-1043,Sunscreen,Beauty,Brightline Wholesale,100,7,1,2,104,27,1040.0,Healthy
2025-08-31,SKU-1044,Sunscreen,Beauty,Nova Supply Co.,72,17,1,0,88,18,880.0,Overstock
2025-08-31,SKU-1045,Moisturizer,Beauty,Urban Source Ltd.,32,10,0,0,42,26,420.0,Healthy
2025-08-31,SKU-1046,Moisturizer,Beauty,Peak Imports,59,22,2,1,78,21,780.0,Healthy
2025-08-31,SKU-1047,Hair Dryer,Beauty,Nova Supply Co.,36,23,4,1,104,18,780.0,Overstock
2025-08-31,SKU-1048,Hair Dryer,Beauty,Urban Source Ltd.,57,12,2,0,1,15,10.0,Low Stock
2025-08-31,SKU-1049,Makeup Brush Set,Beauty,Nova Supply Co.,60,6,3,1,62,33,620.0,Healthy
2025-08-31,SKU-1050,Makeup Brush Set,Beauty,Peak Imports,85,21,3,0,103,18,1030.0,Overstock
2025-08-31,SKU-1051,Yoga Mat,Sports,Brightline Wholesale,41,12,8,1,44,24,165.0,Healthy
2025-08-31,SKU-1052,Yoga Mat,Sports,Peak Imports,27,14,0,0,41,27,410.0,Healthy
2025-08-31,SKU-1053,Yoga Mat,Sports,Brightline Wholesale,34,19,9,0,44,28,146.7,Healthy
2025-08-31,SKU-1054,Resistance Bands,Sports,Peak Imports,90,14,2,0,102,26,1020.0,Healthy
2025-08-31,SKU-1055,Resistance Bands,Sports,Aster Distribution,39,19,3,0,1,15,10.0,Low Stock
2025-08-31,SKU-1056,Resistance Bands,Sports,Nova Supply Co.,46,18,12,1,5,22,12.5,Low Stock
2025-08-31,SKU-1057,Water Bottle,Sports,Nova Supply Co.,40,55,34,0,61,26,53.8,Healthy
2025-08-31,SKU-1058,Water Bottle,Sports,Aster Distribution,97,14,2,3,106,34,1060.0,Healthy
2025-08-31,SKU-1059,Water Bottle,Sports,Brightline Wholesale,59,0,2,0,57,18,570.0,Healthy
2025-08-31,SKU-1060,Running Belt,Sports,Nova Supply Co.,62,0,2,2,58,14,580.0,Overstock
2025-08-31,SKU-1061,Running Belt,Sports,Aster Distribution,49,42,19,0,72,14,113.7,Overstock
2025-08-31,SKU-1062,Running Belt,Sports,Nova Supply Co.,71,4,1,3,72,19,720.0,Healthy
2025-08-31,SKU-1063,Dumbbell Set,Sports,Urban Source Ltd.,133,7,2,1,128,28,1280.0,Overstock
2025-08-31,SKU-1064,Dumbbell Set,Sports,Brightline Wholesale,50,10,9,0,51,33,170.0,Healthy
2025-08-31,SKU-1065,Dumbbell Set,Sports,Urban Source Ltd.,43,24,4,1,62,32,465.0,Healthy
2025-09-30,SKU-1001,Bluetooth Speaker,Electronics,Nova Supply Co.,58,24,4,2,76,21,570.0,Healthy
2025-09-30,SKU-1002,Bluetooth Speaker,Electronics,Nova Supply Co.,94,9,10,2,91,24,273.0,Healthy
2025-09-30,SKU-1003,Bluetooth Speaker,Electronics,Brightline Wholesale,52,18,3,0,67,23,670.0,Healthy
2025-09-30,SKU-1004,Wireless Earbuds,Electronics,Aster Distribution,77,0,4,1,72,16,540.0,Overstock
2025-09-30,SKU-1005,Wireless Earbuds,Electronics,Aster Distribution,95,17,14,1,97,24,207.9,Overstock
2025-09-30,SKU-1006,Wireless Earbuds,Electronics,Aster Distribution,136,4,10,0,130,32,390.0,Overstock
2025-09-30,SKU-1007,Power Bank,Electronics,Nova Supply Co.,47,6,5,1,1,15,6.0,Low Stock
2025-09-30,SKU-1008,Power Bank,Electronics,Peak Imports,94,7,3,2,96,22,960.0,Overstock
2025-09-30,SKU-1009,Power Bank,Electronics,Nova Supply Co.,70,14,12,1,71,20,177.5,Healthy
2025-09-30,SKU-1010,USB-C Hub,Electronics,Peak Imports,72,53,20,0,105,29,157.5,Healthy
2025-09-30,SKU-1011,USB-C Hub,Electronics,Urban Source Ltd.,44,30,8,0,66,21,247.5,Healthy
2025-09-30,SKU-1012,USB-C Hub,Electronics,Nova Supply Co.,30,10,10,0,30,30,90.0,Healthy
2025-09-30,SKU-1013,Mechanical Keyboard,Electronics,Nova Supply Co.,28,11,0,0,39,19,390.0,Healthy
2025-09-30,SKU-1014,Mechanical Keyboard,Electronics,Nova Supply Co.,46,8,9,2,43,15,143.3,Healthy
2025-09-30,SKU-1015,Mechanical Keyboard,Electronics,Aster Distribution,33,3,8,1,92,29,345.0,Healthy
2025-09-30,SKU-1016,Air Fryer,Home & Kitchen,Aster Distribution,150,24,10,1,163,32,489.0,Overstock
2025-09-30,SKU-1017,Air Fryer,Home & Kitchen,Peak Imports,149,11,0,1,159,31,1590.0,Overstock
2025-09-30,SKU-1018,Air Fryer,Home & Kitchen,Peak Imports,124,31,7,2,146,29,625.7,Overstock
2025-09-30,SKU-1019,Electric Kettle,Home & Kitchen,Nova Supply Co.,116,43,14,1,144,24,308.6,Overstock
2025-09-30,SKU-1020,Electric Kettle,Home & Kitchen,Peak Imports,73,4,4,0,73,17,547.5,Overstock
2025-09-30,SKU-1021,Electric Kettle,Home & Kitchen,Aster Distribution,42,16,4,2,52,31,390.0,Healthy
2025-09-30,SKU-1022,Blender,Home & Kitchen,Peak Imports,88,16,5,0,99,25,594.0,Healthy
2025-09-30,SKU-1023,Blender,Home & Kitchen,Urban Source Ltd.,92,0,0,2,90,25,900.0,Healthy
2025-09-30,SKU-1024,Blender,Home & Kitchen,Aster Distribution,33,23,4,1,51,18,382.5,Healthy
2025-09-30,SKU-1025,Desk Lamp,Home & Kitchen,Urban Source Ltd.,33,9,6,0,36,30,180.0,Healthy
2025-09-30,SKU-1026,Desk Lamp,Home & Kitchen,Peak Imports,75,39,11,1,102,21,278.2,Overstock
2025-09-30,SKU-1027,Desk Lamp,Home & Kitchen,Brightline Wholesale,111,0,1,0,110,34,1100.0,Healthy
2025-09-30,SKU-1028,Storage Box,Home & Kitchen,Nova Supply Co.,23,4,8,0,4,19,15.0,Low Stock
2025-09-30,SKU-1029,Storage Box,Home & Kitchen,Aster Distribution,92,5,1,1,160,29,1600.0,Overstock
2025-09-30,SKU-1030,Storage Box,Home & Kitchen,Urban Source Ltd.,84,35,10,2,140,32,420.0,Overstock
2025-09-30,SKU-1031,Notebook,Office,Brightline Wholesale,76,12,3,0,85,23,850.0,Healthy
2025-09-30,SKU-1032,Notebook,Office,Brightline Wholesale,46,21,1,0,66,27,660.0,Healthy
2025-09-30,SKU-1033,Gel Pen Set,Office,Aster Distribution,40,6,0,0,68,19,680.0,Healthy
2025-09-30,SKU-1034,Gel Pen Set,Office,Aster Distribution,90,6,3,1,92,23,920.0,Healthy
2025-09-30,SKU-1035,Monitor Stand,Office,Brightline Wholesale,64,31,20,0,75,18,112.5,Overstock
2025-09-30,SKU-1036,Monitor Stand,Office,Nova Supply Co.,58,21,15,0,6,28,12.0,Low Stock
2025-09-30,SKU-1037,Desk Organizer,Office,Nova Supply Co.,67,16,5,0,78,14,468.0,Overstock
2025-09-30,SKU-1038,Desk Organizer,Office,Urban Source Ltd.,62,25,4,1,82,30,615.0,Healthy
2025-09-30,SKU-1039,Office Chair,Office,Nova Supply Co.,43,21,1,0,63,12,630.0,Overstock
2025-09-30,SKU-1040,Office Chair,Office,Brightline Wholesale,91,14,3,1,101,19,1010.0,Overstock
2025-09-30,SKU-1041,Face Cleanser,Beauty,Brightline Wholesale,40,26,4,0,62,26,465.0,Healthy
2025-09-30,SKU-1042,Face Cleanser,Beauty,Peak Imports,77,29,9,1,96,16,320.0,Overstock
2025-09-30,SKU-1043,Sunscreen,Beauty,Brightline Wholesale,77,31,6,1,101,27,505.0,Healthy
2025-09-30,SKU-1044,Sunscreen,Beauty,Nova Supply Co.,58,24,5,0,77,18,462.0,Overstock
2025-09-30,SKU-1045,Moisturizer,Beauty,Urban Source Ltd.,42,3,0,0,45,26,450.0,Healthy
2025-09-30,SKU-1046,Moisturizer,Beauty,Peak Imports,66,9,1,1,73,21,730.0,Healthy
2025-09-30,SKU-1047,Hair Dryer,Beauty,Nova Supply Co.,70,6,0,0,76,18,760.0,Overstock
2025-09-30,SKU-1048,Hair Dryer,Beauty,Urban Source Ltd.,45,8,7,1,45,15,192.9,Healthy
2025-09-30,SKU-1049,Makeup Brush Set,Beauty,Nova Supply Co.,47,1,5,2,41,33,246.0,Healthy
2025-09-30,SKU-1050,Makeup Brush Set,Beauty,Peak Imports,25,9,8,0,26,18,97.5,Healthy
2025-09-30,SKU-1051,Yoga Mat,Sports,Brightline Wholesale,86,13,0,0,99,24,990.0,Overstock
2025-09-30,SKU-1052,Yoga Mat,Sports,Peak Imports,115,2,2,1,114,27,1140.0,Overstock
2025-09-30,SKU-1053,Yoga Mat,Sports,Brightline Wholesale,96,30,23,0,103,28,134.3,Healthy
2025-09-30,SKU-1054,Resistance Bands,Sports,Peak Imports,64,25,6,0,83,26,415.0,Healthy
2025-09-30,SKU-1055,Resistance Bands,Sports,Aster Distribution,52,23,4,0,71,15,532.5,Overstock
2025-09-30,SKU-1056,Resistance Bands,Sports,Nova Supply Co.,104,35,13,1,125,22,288.5,Overstock
2025-09-30,SKU-1057,Water Bottle,Sports,Nova Supply Co.,96,40,11,0,125,26,340.9,Overstock
2025-09-30,SKU-1058,Water Bottle,Sports,Aster Distribution,53,13,2,0,64,34,640.0,Healthy
2025-09-30,SKU-1059,Water Bottle,Sports,Brightline Wholesale,56,28,7,0,77,18,330.0,Overstock
2025-09-30,SKU-1060,Running Belt,Sports,Nova Supply Co.,31,12,2,0,41,14,410.0,Healthy
2025-09-30,SKU-1061,Running Belt,Sports,Aster Distribution,24,10,4,0,30,14,225.0,Healthy
2025-09-30,SKU-1062,Running Belt,Sports,Nova Supply Co.,48,13,4,0,0,19,0.0,Stockout
2025-09-30,SKU-1063,Dumbbell Set,Sports,Urban Source Ltd.,111,26,5,2,1,28,6.0,Low Stock
2025-09-30,SKU-1064,Dumbbell Set,Sports,Brightline Wholesale,117,21,6,0,132,33,660.0,Healthy
2025-09-30,SKU-1065,Dumbbell Set,Sports,Urban Source Ltd.,135,11,3,2,141,32,1410.0,Overstock
2025-10-31,SKU-1001,Bluetooth Speaker,Electronics,Nova Supply Co.,52,27,4,0,75,21,562.5,Healthy
2025-10-31,SKU-1002,Bluetooth Speaker,Electronics,Nova Supply Co.,88,28,9,1,106,24,353.3,Overstock
2025-10-31,SKU-1003,Bluetooth Speaker,Electronics,Brightline Wholesale,96,20,2,2,112,23,1120.0,Overstock
2025-10-31,SKU-1004,Wireless Earbuds,Electronics,Aster Distribution,16,0,1,0,15,16,150.0,Low Stock
2025-10-31,SKU-1005,Wireless Earbuds,Electronics,Aster Distribution,118,18,4,0,167,24,1252.5,Overstock
2025-10-31,SKU-1006,Wireless Earbuds,Electronics,Aster Distribution,102,21,9,0,114,32,380.0,Healthy
2025-10-31,SKU-1007,Power Bank,Electronics,Nova Supply Co.,19,10,14,0,15,15,32.1,Healthy
2025-10-31,SKU-1008,Power Bank,Electronics,Peak Imports,97,4,11,3,87,22,237.3,Healthy
2025-10-31,SKU-1009,Power Bank,Electronics,Nova Supply Co.,99,15,4,0,110,20,825.0,Overstock
2025-10-31,SKU-1010,USB-C Hub,Electronics,Peak Imports,132,6,12,1,125,29,312.5,Overstock
2025-10-31,SKU-1011,USB-C Hub,Electronics,Urban Source Ltd.,31,18,3,0,0,21,0.0,Stockout
2025-10-31,SKU-1012,USB-C Hub,Electronics,Nova Supply Co.,94,28,19,0,103,30,162.6,Healthy
2025-10-31,SKU-1013,Mechanical Keyboard,Electronics,Nova Supply Co.,64,8,0,2,70,19,700.0,Healthy
2025-10-31,SKU-1014,Mechanical Keyboard,Electronics,Nova Supply Co.,29,25,7,0,47,15,201.4,Healthy
2025-10-31,SKU-1015,Mechanical Keyboard,Electronics,Aster Distribution,51,2,5,2,46,29,276.0,Healthy
2025-10-31,SKU-1016,Air Fryer,Home & Kitchen,Aster Distribution,122,5,1,3,123,32,1230.0,Healthy
2025-10-31,SKU-1017,Air Fryer,Home & Kitchen,Peak Imports,129,6,0,0,135,31,1350.0,Overstock
2025-10-31,SKU-1018,Air Fryer,Home & Kitchen,Peak Imports,133,17,8,0,142,29,532.5,Overstock
2025-10-31,SKU-1019,Electric Kettle,Home & Kitchen,Nova Supply Co.,37,15,12,1,39,24,97.5,Healthy
2025-10-31,SKU-1020,Electric Kettle,Home & Kitchen,Peak Imports,81,18,4,0,95,17,712.5,Overstock
2025-10-31,SKU-1021,Electric Kettle,Home & Kitchen,Aster Distribution,53,27,5,0,7,31,42.0,Low Stock
2025-10-31,SKU-1022,Blender,Home & Kitchen,Peak Imports,100,18,3,0,115,25,1150.0,Overstock
2025-10-31,SKU-1023,Blender,Home & Kitchen,Urban Source Ltd.,70,17,2,1,84,25,840.0,Healthy
2025-10-31,SKU-1024,Blender,Home & Kitchen,Aster Distribution,33,3,9,0,27,18,90.0,Healthy
2025-10-31,SKU-1025,Desk Lamp,Home & Kitchen,Urban Source Ltd.,111,23,6,0,128,30,640.0,Overstock
2025-10-31,SKU-1026,Desk Lamp,Home & Kitchen,Peak Imports,102,16,8,1,109,21,408.8,Overstock
2025-10-31,SKU-1027,Desk Lamp,Home & Kitchen,Brightline Wholesale,93,17,8,1,101,34,378.8,Healthy
2025-10-31,SKU-1028,Storage Box,Home & Kitchen,Nova Supply Co.,59,8,3,1,63,19,630.0,Healthy
2025-10-31,SKU-1029,Storage Box,Home & Kitchen,Aster Distribution,45,14,4,2,53,29,397.5,Healthy
2025-10-31,SKU-1030,Storage Box,Home & Kitchen,Urban Source Ltd.,56,23,3,1,75,32,750.0,Healthy
2025-10-31,SKU-1031,Notebook,Office,Brightline Wholesale,74,7,6,1,100,23,500.0,Overstock
2025-10-31,SKU-1032,Notebook,Office,Brightline Wholesale,29,22,3,2,46,27,460.0,Healthy
2025-10-31,SKU-1033,Gel Pen Set,Office,Aster Distribution,61,3,6,0,58,19,290.0,Healthy
2025-10-31,SKU-1034,Gel Pen Set,Office,Aster Distribution,96,23,3,2,157,23,1570.0,Overstock
2025-10-31,SKU-1035,Monitor Stand,Office,Brightline Wholesale,22,38,13,0,47,18,108.5,Healthy
2025-10-31,SKU-1036,Monitor Stand,Office,Nova Supply Co.,61,41,14,1,87,28,186.4,Healthy
2025-10-31,SKU-1037,Desk Organizer,Office,Nova Supply Co.,26,29,5,0,50,14,300.0,Healthy
2025-10-31,SKU-1038,Desk Organizer,Office,Urban Source Ltd.,129,16,7,1,137,30,587.1,Overstock
2025-10-31,SKU-1039,Office Chair,Office,Nova Supply Co.,44,16,2,0,58,12,580.0,Overstock
2025-10-31,SKU-1040,Office Chair,Office,Brightline Wholesale,27,5,1,0,31,19,310.0,Healthy
2025-10-31,SKU-1041,Face Cleanser,Beauty,Brightline Wholesale,91,27,4,1,81,26,607.5,Healthy
2025-10-31,SKU-1042,Face Cleanser,Beauty,Peak Imports,65,10,5,0,70,16,420.0,Overstock
2025-10-31,SKU-1043,Sunscreen,Beauty,Brightline Wholesale,127,14,0,2,139,27,1390.0,Overstock
2025-10-31,SKU-1044,Sunscreen,Beauty,Nova Supply Co.,51,19,5,1,64,18,384.0,Healthy
2025-10-31,SKU-1045,Moisturizer,Beauty,Urban Source Ltd.,43,12,2,0,53,26,530.0,Healthy
2025-10-31,SKU-1046,Moisturizer,Beauty,Peak Imports,98,7,3,1,101,21,1010.0,Overstock
2025-10-31,SKU-1047,Hair Dryer,Beauty,Nova Supply Co.,51,11,2,0,60,18,600.0,Healthy
2025-10-31,SKU-1048,Hair Dryer,Beauty,Urban Source Ltd.,39,27,4,1,1,15,7.5,Low Stock
2025-10-31,SKU-1049,Makeup Brush Set,Beauty,Nova Supply Co.,91,15,2,1,103,33,1030.0,Healthy
2025-10-31,SKU-1050,Makeup Brush Set,Beauty,Peak Imports,60,4,6,0,58,18,290.0,Healthy
2025-10-31,SKU-1051,Yoga Mat,Sports,Brightline Wholesale,116,4,0,1,119,24,1190.0,Overstock
2025-10-31,SKU-1052,Yoga Mat,Sports,Peak Imports,84,22,7,0,99,27,424.3,Healthy
2025-10-31,SKU-1053,Yoga Mat,Sports,Brightline Wholesale,54,28,13,0,4,28,9.2,Low Stock
2025-10-31,SKU-1054,Resistance Bands,Sports,Peak Imports,59,6,2,0,63,26,630.0,Healthy
2025-10-31,SKU-1055,Resistance Bands,Sports,Aster Distribution,68,16,2,0,82,15,820.0,Overstock
2025-10-31,SKU-1056,Resistance Bands,Sports,Nova Supply Co.,41,11,12,1,76,22,190.0,Healthy
2025-10-31,SKU-1057,Water Bottle,Sports,Nova Supply Co.,82,22,17,0,87,26,153.5,Healthy
2025-10-31,SKU-1058,Water Bottle,Sports,Aster Distribution,63,14,0,0,1,34,10.0,Low Stock
2025-10-31,SKU-1059,Water Bottle,Sports,Brightline Wholesale,72,13,2,1,82,18,820.0,Overstock
2025-10-31,SKU-1060,Running Belt,Sports,Nova Supply Co.,60,11,2,0,69,14,690.0,Overstock
2025-10-31,SKU-1061,Running Belt,Sports,Aster Distribution,69,36,15,0,90,14,180.0,Overstock
2025-10-31,SKU-1062,Running Belt,Sports,Nova Supply Co.,78,20,6,1,91,19,455.0,Overstock
2025-10-31,SKU-1063,Dumbbell Set,Sports,Urban Source Ltd.,76,7,5,1,77,28,462.0,Healthy
2025-10-31,SKU-1064,Dumbbell Set,Sports,Brightline Wholesale,64,25,4,1,84,33,630.0,Healthy
2025-10-31,SKU-1065,Dumbbell Set,Sports,Urban Source Ltd.,57,15,9,0,63,32,210.0,Healthy
2025-11-30,SKU-1001,Bluetooth Speaker,Electronics,Nova Supply Co.,96,6,5,1,96,21,576.0,Overstock
2025-11-30,SKU-1002,Bluetooth Speaker,Electronics,Nova Supply Co.,62,37,11,0,88,24,240.0,Healthy
2025-11-30,SKU-1003,Bluetooth Speaker,Electronics,Brightline Wholesale,35,20,8,0,47,23,176.2,Healthy
2025-11-30,SKU-1004,Wireless Earbuds,Electronics,Aster Distribution,45,0,0,0,45,16,450.0,Healthy
2025-11-30,SKU-1005,Wireless Earbuds,Electronics,Aster Distribution,62,22,6,1,106,24,530.0,Overstock
2025-11-30,SKU-1006,Wireless Earbuds,Electronics,Aster Distribution,93,2,3,1,91,32,910.0,Healthy
2025-11-30,SKU-1007,Power Bank,Electronics,Nova Supply Co.,54,11,11,0,54,15,147.3,Healthy
2025-11-30,SKU-1008,Power Bank,Electronics,Peak Imports,36,20,4,0,52,22,390.0,Healthy
2025-11-30,SKU-1009,Power Bank,Electronics,Nova Supply Co.,40,37,11,1,0,20,0.0,Stockout
2025-11-30,SKU-1010,USB-C Hub,Electronics,Peak Imports,91,50,16,2,123,29,230.6,Overstock
2025-11-30,SKU-1011,USB-C Hub,Electronics,Urban Source Ltd.,71,18,8,1,80,21,300.0,Healthy
2025-11-30,SKU-1012,USB-C Hub,Electronics,Nova Supply Co.,122,38,18,1,141,30,235.0,Overstock
2025-11-30,SKU-1013,Mechanical Keyboard,Electronics,Nova Supply Co.,64,13,1,0,76,19,760.0,Healthy
2025-11-30,SKU-1014,Mechanical Keyboard,Electronics,Nova Supply Co.,70,22,10,0,64,15,192.0,Overstock
2025-11-30,SKU-1015,Mechanical Keyboard,Electronics,Aster Distribution,107,9,2,1,113,29,1130.0,Healthy
2025-11-30,SKU-1016,Air Fryer,Home & Kitchen,Aster Distribution,114,25,5,1,133,32,798.0,Overstock
2025-11-30,SKU-1017,Air Fryer,Home & Kitchen,Peak Imports,130,26,4,0,152,31,1140.0,Overstock
2025-11-30,SKU-1018,Air Fryer,Home & Kitchen,Peak Imports,142,34,8,0,168,29,630.0,Overstock
2025-11-30,SKU-1019,Electric Kettle,Home & Kitchen,Nova Supply Co.,102,25,13,1,113,24,260.8,Overstock
2025-11-30,SKU-1020,Electric Kettle,Home & Kitchen,Peak Imports,60,11,0,0,71,17,710.0,Overstock
2025-11-30,SKU-1021,Electric Kettle,Home & Kitchen,Aster Distribution,78,16,1,2,91,31,910.0,Healthy
2025-11-30,SKU-1022,Blender,Home & Kitchen,Peak Imports,98,6,3,4,97,25,970.0,Healthy
2025-11-30,SKU-1023,Blender,Home & Kitchen,Urban Source Ltd.,107,18,8,1,116,25,435.0,Overstock
2025-11-30,SKU-1024,Blender,Home & Kitchen,Aster Distribution,22,23,20,1,24,18,36.0,Healthy
2025-11-30,SKU-1025,Desk Lamp,Home & Kitchen,Urban Source Ltd.,50,25,3,0,72,30,720.0,Healthy
2025-11-30,SKU-1026,Desk Lamp,Home & Kitchen,Peak Imports,26,27,11,0,42,21,114.5,Healthy
2025-11-30,SKU-1027,Desk Lamp,Home & Kitchen,Brightline Wholesale,45,1,2,2,42,34,420.0,Healthy
2025-11-30,SKU-1028,Storage Box,Home & Kitchen,Nova Supply Co.,46,4,8,1,41,19,153.8,Healthy
2025-11-30,SKU-1029,Storage Box,Home & Kitchen,Aster Distribution,136,16,6,0,5,29,25.0,Low Stock
2025-11-30,SKU-1030,Storage Box,Home & Kitchen,Urban Source Ltd.,59,16,12,1,62,32,155.0,Healthy
2025-11-30,SKU-1031,Notebook,Office,Brightline Wholesale,99,28,9,0,118,23,393.3,Overstock
2025-11-30,SKU-1032,Notebook,Office,Brightline Wholesale,122,5,1,0,126,27,1260.0,Overstock
2025-11-30,SKU-1033,Gel Pen Set,Office,Aster Distribution,52,28,5,1,74,19,444.0,Healthy
2025-11-30,SKU-1034,Gel Pen Set,Office,Aster Distribution,109,7,2,1,113,23,1130.0,Overstock
2025-11-30,SKU-1035,Monitor Stand,Office,Brightline Wholesale,84,49,15,1,117,18,234.0,Overstock
2025-11-30,SKU-1036,Monitor Stand,Office,Nova Supply Co.,112,29,17,0,124,28,218.8,Overstock
2025-11-30,SKU-1037,Desk Organizer,Office,Nova Supply Co.,16,12,4,0,24,14,180.0,Healthy
2025-11-30,SKU-1038,Desk Organizer,Office,Urban Source Ltd.,135,17,3,1,148,30,1480.0,Overstock
2025-11-30,SKU-1039,Office Chair,Office,Nova Supply Co.,58,6,0,3,61,12,610.0,Overstock
2025-11-30,SKU-1040,Office Chair,Office,Brightline Wholesale,60,20,4,1,1,19,7.5,Low Stock
2025-11-30,SKU-1041,Face Cleanser,Beauty,Brightline Wholesale,115,9,7,2,165,26,707.1,Overstock
2025-11-30,SKU-1042,Face Cleanser,Beauty,Peak Imports,29,1,6,0,24,16,120.0,Healthy
2025-11-30,SKU-1043,Sunscreen,Beauty,Brightline Wholesale,57,20,2,1,74,27,740.0,Healthy
2025-11-30,SKU-1044,Sunscreen,Beauty,Nova Supply Co.,60,10,5,0,65,18,390.0,Healthy
2025-11-30,SKU-1045,Moisturizer,Beauty,Urban Source Ltd.,109,9,0,2,116,26,1160.0,Overstock
2025-11-30,SKU-1046,Moisturizer,Beauty,Peak Imports,85,20,7,0,98,21,420.0,Overstock
2025-11-30,SKU-1047,Hair Dryer,Beauty,Nova Supply Co.,26,1,0,0,0,18,0.0,Stockout
2025-11-30,SKU-1048,Hair Dryer,Beauty,Urban Source Ltd.,68,15,3,2,78,15,780.0,Overstock
2025-11-30,SKU-1049,Makeup Brush Set,Beauty,Nova Supply Co.,144,13,2,3,152,33,1520.0,Overstock
2025-11-30,SKU-1050,Makeup Brush Set,Beauty,Peak Imports,86,23,7,2,100,18,428.6,Overstock
2025-11-30,SKU-1051,Yoga Mat,Sports,Brightline Wholesale,25,3,1,0,27,24,270.0,Healthy
2025-11-30,SKU-1052,Yoga Mat,Sports,Peak Imports,101,21,1,0,121,27,1210.0,Overstock
2025-11-30,SKU-1053,Yoga Mat,Sports,Brightline Wholesale,121,2,10,1,112,28,336.0,Healthy
2025-11-30,SKU-1054,Resistance Bands,Sports,Peak Imports,93,8,0,0,101,26,1010.0,Healthy
2025-11-30,SKU-1055,Resistance Bands,Sports,Aster Distribution,36,7,3,1,39,15,390.0,Healthy
2025-11-30,SKU-1056,Resistance Bands,Sports,Nova Supply Co.,104,28,14,1,117,22,250.7,Overstock
2025-11-30,SKU-1057,Water Bottle,Sports,Nova Supply Co.,115,43,35,4,4,26,3.4,Low Stock
2025-11-30,SKU-1058,Water Bottle,Sports,Aster Distribution,50,5,1,0,54,34,540.0,Healthy
2025-11-30,SKU-1059,Water Bottle,Sports,Brightline Wholesale,23,4,2,1,4,18,40.0,Low Stock
2025-11-30,SKU-1060,Running Belt,Sports,Nova Supply Co.,62,31,8,0,85,14,318.8,Overstock
2025-11-30,SKU-1061,Running Belt,Sports,Aster Distribution,28,27,26,0,29,14,33.5,Healthy
2025-11-30,SKU-1062,Running Belt,Sports,Nova Supply Co.,87,15,1,3,98,19,980.0,Overstock
2025-11-30,SKU-1063,Dumbbell Set,Sports,Urban Source Ltd.,78,6,0,1,83,28,830.0,Healthy
2025-11-30,SKU-1064,Dumbbell Set,Sports,Brightline Wholesale,150,7,6,5,146,33,730.0,Overstock
2025-11-30,SKU-1065,Dumbbell Set,Sports,Urban Source Ltd.,129,23,2,2,148,32,1480.0,Overstock
2025-12-31,SKU-1001,Bluetooth Speaker,Electronics,Nova Supply Co.,45,7,7,1,44,21,188.6,Healthy
2025-12-31,SKU-1002,Bluetooth Speaker,Electronics,Nova Supply Co.,109,41,16,1,133,24,249.4,Overstock
2025-12-31,SKU-1003,Bluetooth Speaker,Electronics,Brightline Wholesale,33,11,4,0,40,23,300.0,Healthy
2025-12-31,SKU-1004,Wireless Earbuds,Electronics,Aster Distribution,26,29,9,0,46,16,153.3,Healthy
2025-12-31,SKU-1005,Wireless Earbuds,Electronics,Aster Distribution,75,11,13,0,73,24,168.5,Healthy
2025-12-31,SKU-1006,Wireless Earbuds,Electronics,Aster Distribution,71,4,8,0,67,32,251.2,Healthy
2025-12-31,SKU-1007,Power Bank,Electronics,Nova Supply Co.,46,36,14,2,66,15,141.4,Overstock
2025-12-31,SKU-1008,Power Bank,Electronics,Peak Imports,30,7,6,0,31,22,155.0,Healthy
2025-12-31,SKU-1009,Power Bank,Electronics,Nova Supply Co.,41,24,16,1,48,20,90.0,Healthy
2025-12-31,SKU-1010,USB-C Hub,Electronics,Peak Imports,40,57,34,0,63,29,55.6,Healthy
2025-12-31,SKU-1011,USB-C Hub,Electronics,Urban Source Ltd.,66,7,3,0,70,21,700.0,Healthy
2025-12-31,SKU-1012,USB-C Hub,Electronics,Nova Supply Co.,86,17,6,0,97,30,485.0,Healthy
2025-12-31,SKU-1013,Mechanical Keyboard,Electronics,Nova Supply Co.,70,21,1,0,90,19,900.0,Overstock
2025-12-31,SKU-1014,Mechanical Keyboard,Electronics,Nova Supply Co.,54,12,3,0,63,15,630.0,Overstock
2025-12-31,SKU-1015,Mechanical Keyboard,Electronics,Aster Distribution,50,32,7,0,75,29,321.4,Healthy
2025-12-31,SKU-1016,Air Fryer,Home & Kitchen,Aster Distribution,69,20,3,1,85,32,850.0,Healthy
2025-12-31,SKU-1017,Air Fryer,Home & Kitchen,Peak Imports,153,21,5,0,6,31,36.0,Low Stock
2025-12-31,SKU-1018,Air Fryer,Home & Kitchen,Peak Imports,68,25,7,0,86,29,368.6,Healthy
2025-12-31,SKU-1019,Electric Kettle,Home & Kitchen,Nova Supply Co.,53,19,13,2,57,24,131.5,Healthy
2025-12-31,SKU-1020,Electric Kettle,Home & Kitchen,Peak Imports,44,17,4,2,103,17,772.5,Overstock
2025-12-31,SKU-1021,Electric Kettle,Home & Kitchen,Aster Distribution,102,34,8,1,127,31,476.2,Overstock
2025-12-31,SKU-1022,Blender,Home & Kitchen,Peak Imports,43,16,1,1,57,25,570.0,Healthy
2025-12-31,SKU-1023,Blender,Home & Kitchen,Urban Source Ltd.,40,9,3,0,6,25,60.0,Low Stock
2025-12-31,SKU-1024,Blender,Home & Kitchen,Aster Distribution,50,12,19,1,42,18,66.3,Healthy
2025-12-31,SKU-1025,Desk Lamp,Home & Kitchen,Urban Source Ltd.,131,0,7,1,123,30,527.1,Overstock
2025-12-31,SKU-1026,Desk Lamp,Home & Kitchen,Peak Imports,90,10,14,0,86,21,184.3,Overstock
2025-12-31,SKU-1027,Desk Lamp,Home & Kitchen,Brightline Wholesale,109,30,6,3,130,34,650.0,Healthy
2025-12-31,SKU-1028,Storage Box,Home & Kitchen,Nova Supply Co.,26,3,4,0,2,19,15.0,Low Stock
2025-12-31,SKU-1029,Storage Box,Home & Kitchen,Aster Distribution,81,1,3,2,77,29,770.0,Healthy
2025-12-31,SKU-1030,Storage Box,Home & Kitchen,Urban Source Ltd.,105,21,16,0,213,32,399.4,Overstock
2025-12-31,SKU-1031,Notebook,Office,Brightline Wholesale,55,40,11,1,6,23,16.4,Low Stock
2025-12-31,SKU-1032,Notebook,Office,Brightline Wholesale,51,0,0,0,51,27,510.0,Healthy
2025-12-31,SKU-1033,Gel Pen Set,Office,Aster Distribution,64,6,4,2,64,19,480.0,Healthy
2025-12-31,SKU-1034,Gel Pen Set,Office,Aster Distribution,47,4,3,0,48,23,480.0,Healthy
2025-12-31,SKU-1035,Monitor Stand,Office,Brightline Wholesale,78,56,24,0,110,18,137.5,Overstock
2025-12-31,SKU-1036,Monitor Stand,Office,Nova Supply Co.,48,46,18,0,105,28,175.0,Healthy
2025-12-31,SKU-1037,Desk Organizer,Office,Nova Supply Co.,54,3,1,0,56,14,560.0,Healthy
2025-12-31,SKU-1038,Desk Organizer,Office,Urban Source Ltd.,70,14,3,1,80,30,800.0,Healthy
2025-12-31,SKU-1039,Office Chair,Office,Nova Supply Co.,45,28,6,0,37,12,185.0,Healthy
2025-12-31,SKU-1040,Office Chair,Office,Brightline Wholesale,35,13,4,0,44,19,330.0,Healthy
2025-12-31,SKU-1041,Face Cleanser,Beauty,Brightline Wholesale,30,19,4,0,45,26,337.5,Healthy
2025-12-31,SKU-1042,Face Cleanser,Beauty,Peak Imports,60,17,14,0,63,16,135.0,Healthy
2025-12-31,SKU-1043,Sunscreen,Beauty,Brightline Wholesale,121,19,1,1,138,27,1380.0,Overstock
2025-12-31,SKU-1044,Sunscreen,Beauty,Nova Supply Co.,87,9,6,1,89,18,445.0,Overstock
2025-12-31,SKU-1045,Moisturizer,Beauty,Urban Source Ltd.,101,9,0,1,109,26,1090.0,Overstock
2025-12-31,SKU-1046,Moisturizer,Beauty,Peak Imports,85,13,8,1,89,21,333.8,Overstock
2025-12-31,SKU-1047,Hair Dryer,Beauty,Nova Supply Co.,33,1,1,2,31,18,310.0,Healthy
2025-12-31,SKU-1048,Hair Dryer,Beauty,Urban Source Ltd.,70,5,2,0,73,15,730.0,Overstock
2025-12-31,SKU-1049,Makeup Brush Set,Beauty,Nova Supply Co.,137,4,2,1,138,33,1380.0,Overstock
2025-12-31,SKU-1050,Makeup Brush Set,Beauty,Peak Imports,44,20,1,0,63,18,630.0,Healthy
2025-12-31,SKU-1051,Yoga Mat,Sports,Brightline Wholesale,63,6,0,1,6,24,60.0,Low Stock
2025-12-31,SKU-1052,Yoga Mat,Sports,Peak Imports,120,3,5,1,117,27,702.0,Overstock
2025-12-31,SKU-1053,Yoga Mat,Sports,Brightline Wholesale,67,56,23,3,97,28,126.5,Healthy
2025-12-31,SKU-1054,Resistance Bands,Sports,Peak Imports,123,2,3,2,120,26,1200.0,Overstock
2025-12-31,SKU-1055,Resistance Bands,Sports,Aster Distribution,26,20,6,0,40,15,200.0,Healthy
2025-12-31,SKU-1056,Resistance Bands,Sports,Nova Supply Co.,66,22,20,1,67,22,100.5,Healthy
2025-12-31,SKU-1057,Water Bottle,Sports,Nova Supply Co.,54,13,14,0,53,26,113.6,Healthy
2025-12-31,SKU-1058,Water Bottle,Sports,Aster Distribution,77,6,0,0,7,34,70.0,Low Stock
2025-12-31,SKU-1059,Water Bottle,Sports,Brightline Wholesale,29,29,5,0,0,18,0.0,Stockout
2025-12-31,SKU-1060,Running Belt,Sports,Nova Supply Co.,63,13,9,1,66,14,220.0,Overstock
2025-12-31,SKU-1061,Running Belt,Sports,Aster Distribution,59,30,9,1,79,14,263.3,Overstock
2025-12-31,SKU-1062,Running Belt,Sports,Nova Supply Co.,49,1,1,0,49,19,490.0,Healthy
2025-12-31,SKU-1063,Dumbbell Set,Sports,Urban Source Ltd.,37,14,6,2,43,28,215.0,Healthy
2025-12-31,SKU-1064,Dumbbell Set,Sports,Brightline Wholesale,67,27,4,1,89,33,667.5,Healthy
2025-12-31,SKU-1065,Dumbbell Set,Sports,Urban Source Ltd.,135,20,1,2,152,32,1520.0,Overstock
